term,first_seen,first_stage,reach_sources,peak,peak_date,active_days,last_seen,crossed,crossed_on
"apple","2026-06-17",4,"hn;news",10,"2026-06-17",1,"2026-06-17",true,"2026-06-17"
"game","2026-06-17",5,"devto;news",9,"2026-06-17",1,"2026-06-17",false,""
"update","2026-06-17",3,"lobsters;news",8,"2026-06-17",1,"2026-06-17",true,"2026-06-17"
"fifa","2026-06-17",9,"wiki",7,"2026-06-17",1,"2026-06-17",false,""
"team","2026-06-17",0,"arxiv;lobsters;news;wiki",7,"2026-06-17",1,"2026-06-17",true,"2026-06-17"
"xbox","2026-06-17",8,"news",7,"2026-06-17",1,"2026-06-17",false,""
"cup","2026-06-17",9,"wiki",6,"2026-06-17",1,"2026-06-17",false,""
"android","2026-06-17",1,"ars;github;hn;news",5,"2026-06-17",1,"2026-06-17",true,"2026-06-17"
"google","2026-06-17",3,"devto;lobsters;news",5,"2026-06-17",1,"2026-06-17",true,"2026-06-17"
"agent","2026-06-17",0,"ars;arxiv",4,"2026-06-17",1,"2026-06-17",true,"2026-06-17"
"agents","2026-06-17",0,"arxiv;news",4,"2026-06-17",1,"2026-06-17",true,"2026-06-17"
"dataset","2026-06-17",0,"arxiv",4,"2026-06-17",1,"2026-06-17",false,""
"football","2026-06-17",9,"wiki",4,"2026-06-17",1,"2026-06-17",false,""
"games","2026-06-17",4,"hn;news;wiki",4,"2026-06-17",1,"2026-06-17",true,"2026-06-17"
"june","2026-06-17",5,"devto;news",4,"2026-06-17",1,"2026-06-17",false,""
"launch","2026-06-17",8,"news",4,"2026-06-17",1,"2026-06-17",false,""
"learning","2026-06-17",0,"arxiv",4,"2026-06-17",1,"2026-06-17",false,""
"mechanical","2026-06-17",0,"arxiv;hn;news",4,"2026-06-17",1,"2026-06-17",true,"2026-06-17"
"memory","2026-06-17",0,"arxiv;lobsters",4,"2026-06-17",1,"2026-06-17",false,""
"national","2026-06-17",9,"wiki",4,"2026-06-17",1,"2026-06-17",false,""
"pro","2026-06-17",8,"news",4,"2026-06-17",1,"2026-06-17",false,""
"adaptive","2026-06-17",0,"arxiv",3,"2026-06-17",1,"2026-06-17",false,""
"agentic","2026-06-17",0,"arxiv",3,"2026-06-17",1,"2026-06-17",false,""
"air","2026-06-17",3,"ars;lobsters;wiki",3,"2026-06-17",1,"2026-06-17",true,"2026-06-17"
"airpods","2026-06-17",8,"news",3,"2026-06-17",1,"2026-06-17",false,""
"available","2026-06-17",8,"news",3,"2026-06-17",1,"2026-06-17",false,""
"classification","2026-06-17",0,"arxiv",3,"2026-06-17",1,"2026-06-17",false,""
"could","2026-06-17",5,"devto;news",3,"2026-06-17",1,"2026-06-17",false,""
"curl","2026-06-17",3,"hn;lobsters",3,"2026-06-17",1,"2026-06-17",false,""
"fantasy","2026-06-17",8,"news",3,"2026-06-17",1,"2026-06-17",false,""
"features","2026-06-17",0,"arxiv;news",3,"2026-06-17",1,"2026-06-17",true,"2026-06-17"
"final","2026-06-17",8,"news",3,"2026-06-17",1,"2026-06-17",false,""
"fun","2026-06-17",3,"hn;lobsters",3,"2026-06-17",1,"2026-06-17",false,""
"health","2026-06-17",0,"arxiv",3,"2026-06-17",1,"2026-06-17",false,""
"here","2026-06-17",3,"lobsters;news",3,"2026-06-17",1,"2026-06-17",true,"2026-06-17"
"http","2026-06-17",3,"hn;lobsters",3,"2026-06-17",1,"2026-06-17",false,""
"interview","2026-06-17",3,"hn;lobsters;news",3,"2026-06-17",1,"2026-06-17",true,"2026-06-17"
"ios","2026-06-17",5,"devto;news",3,"2026-06-17",1,"2026-06-17",false,""
"iphone","2026-06-17",8,"news",3,"2026-06-17",1,"2026-06-17",false,""
"job","2026-06-17",3,"lobsters;news",3,"2026-06-17",1,"2026-06-17",true,"2026-06-17"
"laptop","2026-06-17",3,"lobsters;news",3,"2026-06-17",1,"2026-06-17",true,"2026-06-17"
"list","2026-06-17",0,"arxiv;wiki",3,"2026-06-17",1,"2026-06-17",true,"2026-06-17"
"live","2026-06-17",8,"news",3,"2026-06-17",1,"2026-06-17",false,""
"making","2026-06-17",3,"hn;lobsters;news",3,"2026-06-17",1,"2026-06-17",true,"2026-06-17"
"may","2026-06-17",7,"ars;news",3,"2026-06-17",1,"2026-06-17",false,""
"microsoft","2026-06-17",8,"news",3,"2026-06-17",1,"2026-06-17",false,""
"million","2026-06-17",8,"news",3,"2026-06-17",1,"2026-06-17",false,""
"month","2026-06-17",8,"news",3,"2026-06-17",1,"2026-06-17",false,""
"nintendo","2026-06-17",8,"news",3,"2026-06-17",1,"2026-06-17",false,""
"noise","2026-06-17",0,"arxiv;hn",3,"2026-06-17",1,"2026-06-17",false,""
"phones","2026-06-17",7,"ars;news",3,"2026-06-17",1,"2026-06-17",false,""
"pixel","2026-06-17",7,"ars;news",3,"2026-06-17",1,"2026-06-17",false,""
"rust","2026-06-17",3,"hn;lobsters",3,"2026-06-17",1,"2026-06-17",false,""
"sloan","2026-06-17",5,"devto",3,"2026-06-17",1,"2026-06-17",false,""
"stop","2026-06-17",4,"hn;news",3,"2026-06-17",1,"2026-06-17",true,"2026-06-17"
"switch","2026-06-17",8,"news",3,"2026-06-17",1,"2026-06-17",false,""
"trump","2026-06-17",7,"ars;news;wiki",3,"2026-06-17",1,"2026-06-17",false,""
"under","2026-06-17",0,"ars;arxiv",3,"2026-06-17",1,"2026-06-17",true,"2026-06-17"
"watch","2026-06-17",4,"hn;news",3,"2026-06-17",1,"2026-06-17",true,"2026-06-17"
"weird","2026-06-17",4,"hn;news",3,"2026-06-17",1,"2026-06-17",true,"2026-06-17"
"works","2026-06-17",5,"devto;news",3,"2026-06-17",1,"2026-06-17",false,""
"write","2026-06-17",5,"ars;devto",3,"2026-06-17",1,"2026-06-17",false,""
"years","2026-06-17",5,"devto;news",3,"2026-06-17",1,"2026-06-17",false,""
"act","2026-06-17",0,"ars;arxiv",2,"2026-06-17",1,"2026-06-17",true,"2026-06-17"
"actually","2026-06-17",5,"devto;news",2,"2026-06-17",1,"2026-06-17",false,""
"adds","2026-06-17",8,"news",2,"2026-06-17",1,"2026-06-17",false,""
"admin","2026-06-17",7,"ars",2,"2026-06-17",1,"2026-06-17",false,""
"again","2026-06-17",7,"ars;news",2,"2026-06-17",1,"2026-06-17",false,""
"announces","2026-06-17",4,"hn;news",2,"2026-06-17",1,"2026-06-17",true,"2026-06-17"
"anthropic","2026-06-17",0,"ars;arxiv",2,"2026-06-17",1,"2026-06-17",true,"2026-06-17"
"anti","2026-06-17",4,"hn;news",2,"2026-06-17",1,"2026-06-17",true,"2026-06-17"
"art","2026-06-17",8,"hn;news",2,"2026-06-17",1,"2026-06-17",false,""
"asked","2026-06-17",5,"devto",2,"2026-06-17",1,"2026-06-17",false,""
"assistant","2026-06-17",1,"github;hn",2,"2026-06-17",1,"2026-06-17",false,""
"att","2026-06-17",0,"arxiv",2,"2026-06-17",1,"2026-06-17",false,""
"autonomous","2026-06-17",0,"arxiv",2,"2026-06-17",1,"2026-06-17",false,""
"bad","2026-06-17",3,"lobsters",2,"2026-06-17",1,"2026-06-17",false,""
"bash","2026-06-17",3,"hn;lobsters",2,"2026-06-17",1,"2026-06-17",false,""
"beats","2026-06-17",3,"lobsters;news",2,"2026-06-17",1,"2026-06-17",true,"2026-06-17"
"been","2026-06-17",4,"hn;news",2,"2026-06-17",1,"2026-06-17",true,"2026-06-17"
"benchmark","2026-06-17",0,"arxiv",2,"2026-06-17",1,"2026-06-17",false,""
"bond","2026-06-17",7,"ars;news",2,"2026-06-17",1,"2026-06-17",false,""
"bonus","2026-06-17",8,"news",2,"2026-06-17",1,"2026-06-17",false,""
"book","2026-06-17",0,"arxiv;lobsters",2,"2026-06-17",1,"2026-06-17",false,""
"brunson","2026-06-17",9,"wiki",2,"2026-06-17",1,"2026-06-17",false,""
"cape","2026-06-17",9,"wiki",2,"2026-06-17",1,"2026-06-17",false,""
"car","2026-06-17",4,"hn;news",2,"2026-06-17",1,"2026-06-17",true,"2026-06-17"
"cash","2026-06-17",8,"news",2,"2026-06-17",1,"2026-06-17",false,""
"ceo","2026-06-17",8,"news",2,"2026-06-17",1,"2026-06-17",false,""
"challenge","2026-06-17",5,"devto",2,"2026-06-17",1,"2026-06-17",false,""
"chrome","2026-06-17",3,"devto;lobsters",2,"2026-06-17",1,"2026-06-17",false,""
"classic","2026-06-17",3,"lobsters;news",2,"2026-06-17",1,"2026-06-17",true,"2026-06-17"
"clean","2026-06-17",7,"ars",2,"2026-06-17",1,"2026-06-17",false,""
"commodore","2026-06-17",7,"ars;news",2,"2026-06-17",1,"2026-06-17",false,""
"correlated","2026-06-17",3,"hn;lobsters",2,"2026-06-17",1,"2026-06-17",false,""
"css","2026-06-17",5,"devto",2,"2026-06-17",1,"2026-06-17",false,""
"cured","2026-06-17",4,"hn;news",2,"2026-06-17",1,"2026-06-17",true,"2026-06-17"
"cursor","2026-06-17",4,"ars;hn",2,"2026-06-17",1,"2026-06-17",true,"2026-06-17"
"cypress","2026-06-17",1,"github",2,"2026-06-17",1,"2026-06-17",false,""
"deal","2026-06-17",7,"ars",2,"2026-06-17",1,"2026-06-17",false,""
"debloater","2026-06-17",1,"github",2,"2026-06-17",1,"2026-06-17",false,""
"deep","2026-06-17",0,"arxiv",2,"2026-06-17",1,"2026-06-17",false,""
"destiny","2026-06-17",8,"news",2,"2026-06-17",1,"2026-06-17",false,""
"developer","2026-06-17",5,"devto;news",2,"2026-06-17",1,"2026-06-17",false,""
"developers","2026-06-17",3,"devto;lobsters",2,"2026-06-17",1,"2026-06-17",false,""
"devs","2026-06-17",8,"news",2,"2026-06-17",1,"2026-06-17",false,""
"diffusion","2026-06-17",0,"arxiv",2,"2026-06-17",1,"2026-06-17",false,""
"digital","2026-06-17",0,"arxiv;news",2,"2026-06-17",1,"2026-06-17",true,"2026-06-17"
"division","2026-06-17",3,"lobsters",2,"2026-06-17",1,"2026-06-17",false,""
"dots","2026-06-17",4,"hn;news",2,"2026-06-17",1,"2026-06-17",true,"2026-06-17"
"end","2026-06-17",3,"devto;lobsters;news",2,"2026-06-17",1,"2026-06-17",true,"2026-06-17"
"energy","2026-06-17",7,"ars",2,"2026-06-17",1,"2026-06-17",false,""
"europe","2026-06-17",7,"ars",2,"2026-06-17",1,"2026-06-17",false,""
"evaluation","2026-06-17",0,"arxiv",2,"2026-06-17",1,"2026-06-17",false,""
"everyone","2026-06-17",8,"news",2,"2026-06-17",1,"2026-06-17",false,""
"evolving","2026-06-17",0,"arxiv",2,"2026-06-17",1,"2026-06-17",false,""
"fields","2026-06-17",0,"arxiv;hn",2,"2026-06-17",1,"2026-06-17",false,""
"film","2026-06-17",9,"wiki",2,"2026-06-17",1,"2026-06-17",false,""
"financial","2026-06-17",0,"ars;arxiv",2,"2026-06-17",1,"2026-06-17",true,"2026-06-17"
"find","2026-06-17",5,"devto;news",2,"2026-06-17",1,"2026-06-17",false,""
"firefox","2026-06-17",3,"lobsters",2,"2026-06-17",1,"2026-06-17",false,""
"fixed","2026-06-17",0,"arxiv;lobsters",2,"2026-06-17",1,"2026-06-17",false,""
"flagged","2026-06-17",5,"devto",2,"2026-06-17",1,"2026-06-17",false,""
"flip","2026-06-17",7,"ars;news",2,"2026-06-17",1,"2026-06-17",false,""
"forza","2026-06-17",8,"news",2,"2026-06-17",1,"2026-06-17",false,""
"found","2026-06-17",3,"devto;lobsters",2,"2026-06-17",1,"2026-06-17",false,""
"freecodecamp","2026-06-17",1,"github",2,"2026-06-17",1,"2026-06-17",false,""
"friction","2026-06-17",5,"devto",2,"2026-06-17",1,"2026-06-17",false,""
"future","2026-06-17",4,"hn;news",2,"2026-06-17",1,"2026-06-17",true,"2026-06-17"
"gadget","2026-06-17",7,"ars;news",2,"2026-06-17",1,"2026-06-17",false,""
"galaxy","2026-06-17",8,"news",2,"2026-06-17",1,"2026-06-17",false,""
"generation","2026-06-17",1,"github;news",2,"2026-06-17",1,"2026-06-17",true,"2026-06-17"
"getting","2026-06-17",8,"hn;news",2,"2026-06-17",1,"2026-06-17",false,""
"help","2026-06-17",4,"devto;hn",2,"2026-06-17",1,"2026-06-17",false,""
"hide","2026-06-17",4,"hn;news",2,"2026-06-17",1,"2026-06-17",true,"2026-06-17"
"hitting","2026-06-17",7,"ars;news",2,"2026-06-17",1,"2026-06-17",false,""
"horizon","2026-06-17",8,"news",2,"2026-06-17",1,"2026-06-17",false,""
"information","2026-06-17",0,"arxiv;news",2,"2026-06-17",1,"2026-06-17",true,"2026-06-17"
"iptv","2026-06-17",1,"github",2,"2026-06-17",1,"2026-06-17",false,""
"iroh","2026-06-17",1,"github;lobsters",2,"2026-06-17",1,"2026-06-17",false,""
"james","2026-06-17",4,"hn;news",2,"2026-06-17",1,"2026-06-17",true,"2026-06-17"
"kde","2026-06-17",3,"lobsters",2,"2026-06-17",1,"2026-06-17",false,""
"killing","2026-06-17",4,"hn;news",2,"2026-06-17",1,"2026-06-17",true,"2026-06-17"
"language","2026-06-17",4,"hn",2,"2026-06-17",1,"2026-06-17",false,""
"launches","2026-06-17",8,"news",2,"2026-06-17",1,"2026-06-17",false,""
"law","2026-06-17",0,"arxiv;hn",2,"2026-06-17",1,"2026-06-17",false,""
"leaked","2026-06-17",7,"ars;hn",2,"2026-06-17",1,"2026-06-17",false,""
"life","2026-06-17",4,"hn;news",2,"2026-06-17",1,"2026-06-17",true,"2026-06-17"
"limited","2026-06-17",8,"news",2,"2026-06-17",1,"2026-06-17",false,""
"llm","2026-06-17",0,"arxiv",2,"2026-06-17",1,"2026-06-17",false,""
"local","2026-06-17",3,"hn;lobsters",2,"2026-06-17",1,"2026-06-17",false,""
"looped","2026-06-17",0,"arxiv",2,"2026-06-17",1,"2026-06-17",false,""
"major","2026-06-17",8,"news",2,"2026-06-17",1,"2026-06-17",false,""
"media","2026-06-17",7,"ars",2,"2026-06-17",1,"2026-06-17",false,""
"men","2026-06-17",9,"wiki",2,"2026-06-17",1,"2026-06-17",false,""
"meshery","2026-06-17",1,"github",2,"2026-06-17",1,"2026-06-17",false,""
"meta","2026-06-17",0,"arxiv;hn",2,"2026-06-17",1,"2026-06-17",false,""
"method","2026-06-17",0,"arxiv;lobsters",2,"2026-06-17",1,"2026-06-17",false,""
"midnight","2026-06-17",8,"news",2,"2026-06-17",1,"2026-06-17",false,""
"move","2026-06-17",8,"news",2,"2026-06-17",1,"2026-06-17",false,""
"multi","2026-06-17",0,"arxiv",2,"2026-06-17",1,"2026-06-17",false,""
"music","2026-06-17",1,"github;hn",2,"2026-06-17",1,"2026-06-17",false,""
"nausea","2026-06-17",4,"hn;news",2,"2026-06-17",1,"2026-06-17",true,"2026-06-17"
"networks","2026-06-17",0,"arxiv",2,"2026-06-17",1,"2026-06-17",false,""
"off","2026-06-17",8,"news",2,"2026-06-17",1,"2026-06-17",false,""
"offer","2026-06-17",3,"lobsters;news",2,"2026-06-17",1,"2026-06-17",true,"2026-06-17"
"only","2026-06-17",5,"ars;devto",2,"2026-06-17",1,"2026-06-17",false,""
"openai","2026-06-17",7,"ars;hn",2,"2026-06-17",1,"2026-06-17",false,""
"org","2026-06-17",1,"github",2,"2026-06-17",1,"2026-06-17",false,""
"outlook","2026-06-17",8,"news",2,"2026-06-17",1,"2026-06-17",false,""
"pass","2026-06-17",8,"news",2,"2026-06-17",1,"2026-06-17",false,""
"patch","2026-06-17",8,"news",2,"2026-06-17",1,"2026-06-17",false,""
"phone","2026-06-17",7,"ars;news",2,"2026-06-17",1,"2026-06-17",false,""
"policy","2026-06-17",0,"arxiv",2,"2026-06-17",1,"2026-06-17",false,""
"posts","2026-06-17",3,"devto;lobsters",2,"2026-06-17",1,"2026-06-17",false,""
"promises","2026-06-17",8,"news",2,"2026-06-17",1,"2026-06-17",false,""
"ps5","2026-06-17",8,"news",2,"2026-06-17",1,"2026-06-17",false,""
"puppeteer","2026-06-17",1,"github",2,"2026-06-17",1,"2026-06-17",false,""
"query","2026-06-17",0,"arxiv;lobsters",2,"2026-06-17",1,"2026-06-17",false,""
"question","2026-06-17",0,"arxiv;devto",2,"2026-06-17",1,"2026-06-17",false,""
"rand","2026-06-17",2,"crates",2,"2026-06-17",1,"2026-06-17",false,""
"randomness","2026-06-17",3,"hn;lobsters",2,"2026-06-17",1,"2026-06-17",false,""
"reasoning","2026-06-17",0,"arxiv",2,"2026-06-17",1,"2026-06-17",false,""
"red","2026-06-17",0,"arxiv",2,"2026-06-17",1,"2026-06-17",false,""
"reportedly","2026-06-17",8,"news",2,"2026-06-17",1,"2026-06-17",false,""
"reports","2026-06-17",0,"ars;arxiv",2,"2026-06-17",1,"2026-06-17",true,"2026-06-17"
"requests","2026-06-17",3,"hn;lobsters",2,"2026-06-17",1,"2026-06-17",false,""
"review","2026-06-17",8,"news",2,"2026-06-17",1,"2026-06-17",false,""
"run","2026-06-17",5,"devto;news",2,"2026-06-17",1,"2026-06-17",false,""
"running","2026-06-17",3,"hn;lobsters",2,"2026-06-17",1,"2026-06-17",false,""
"samsung","2026-06-17",8,"news",2,"2026-06-17",1,"2026-06-17",false,""
"scalable","2026-06-17",0,"arxiv;devto",2,"2026-06-17",1,"2026-06-17",false,""
"scaling","2026-06-17",0,"arxiv",2,"2026-06-17",1,"2026-06-17",false,""
"secure","2026-06-17",4,"hn;news",2,"2026-06-17",1,"2026-06-17",true,"2026-06-17"
"self","2026-06-17",0,"arxiv;hn",2,"2026-06-17",1,"2026-06-17",false,""
"senegal","2026-06-17",9,"wiki",2,"2026-06-17",1,"2026-06-17",false,""
"shaving","2026-06-17",3,"hn;lobsters",2,"2026-06-17",1,"2026-06-17",false,""
"sickness","2026-06-17",4,"hn;news",2,"2026-06-17",1,"2026-06-17",true,"2026-06-17"
"sign","2026-06-17",0,"arxiv;news",2,"2026-06-17",1,"2026-06-17",true,"2026-06-17"
"simulator","2026-06-17",4,"hn;news",2,"2026-06-17",1,"2026-06-17",true,"2026-06-17"
"slay","2026-06-17",3,"hn;lobsters",2,"2026-06-17",1,"2026-06-17",false,""
"smartphone","2026-06-17",8,"news",2,"2026-06-17",1,"2026-06-17",false,""
"social","2026-06-17",7,"ars",2,"2026-06-17",1,"2026-06-17",false,""
"sold","2026-06-17",8,"news",2,"2026-06-17",1,"2026-06-17",false,""
"solstice","2026-06-17",5,"devto",2,"2026-06-17",1,"2026-06-17",false,""
"south","2026-06-17",8,"news",2,"2026-06-17",1,"2026-06-17",false,""
"spacex","2026-06-17",4,"ars;hn",2,"2026-06-17",1,"2026-06-17",true,"2026-06-17"
"spent","2026-06-17",8,"news",2,"2026-06-17",1,"2026-06-17",false,""
"spire","2026-06-17",3,"hn;lobsters",2,"2026-06-17",1,"2026-06-17",false,""
"starts","2026-06-17",7,"ars;news",2,"2026-06-17",1,"2026-06-17",false,""
"studios","2026-06-17",8,"news",2,"2026-06-17",1,"2026-06-17",false,""
"study","2026-06-17",0,"ars;arxiv",2,"2026-06-17",1,"2026-06-17",true,"2026-06-17"
"suite","2026-06-17",4,"hn",2,"2026-06-17",1,"2026-06-17",false,""
"sun","2026-06-17",5,"devto;news",2,"2026-06-17",1,"2026-06-17",false,""
"surface","2026-06-17",8,"news",2,"2026-06-17",1,"2026-06-17",false,""
"surprised","2026-06-17",5,"ars;devto",2,"2026-06-17",1,"2026-06-17",false,""
"swc","2026-06-17",1,"github",2,"2026-06-17",1,"2026-06-17",false,""
"switched","2026-06-17",8,"news",2,"2026-06-17",1,"2026-06-17",false,""
"system","2026-06-17",4,"hn",2,"2026-06-17",1,"2026-06-17",false,""
"tcp","2026-06-17",3,"hn;lobsters",2,"2026-06-17",1,"2026-06-17",false,""
"teslamate","2026-06-17",1,"github",2,"2026-06-17",1,"2026-06-17",false,""
"there","2026-06-17",8,"news",2,"2026-06-17",1,"2026-06-17",false,""
"thiserror","2026-06-17",2,"crates",2,"2026-06-17",1,"2026-06-17",false,""
"through","2026-06-17",0,"arxiv",2,"2026-06-17",1,"2026-06-17",false,""
"token","2026-06-17",0,"ars;arxiv",2,"2026-06-17",1,"2026-06-17",true,"2026-06-17"
"tomorrow","2026-06-17",5,"devto",2,"2026-06-17",1,"2026-06-17",false,""
"took","2026-06-17",5,"devto;news",2,"2026-06-17",1,"2026-06-17",false,""
"turn","2026-06-17",8,"news",2,"2026-06-17",1,"2026-06-17",false,""
"two","2026-06-17",5,"devto;news",2,"2026-06-17",1,"2026-06-17",false,""
"ultra","2026-06-17",8,"news",2,"2026-06-17",1,"2026-06-17",false,""
"universal","2026-06-17",1,"github",2,"2026-06-17",1,"2026-06-17",false,""
"updates","2026-06-17",7,"ars;news",2,"2026-06-17",1,"2026-06-17",false,""
"verde","2026-06-17",9,"wiki",2,"2026-06-17",1,"2026-06-17",false,""
"voice","2026-06-17",7,"ars;news",2,"2026-06-17",1,"2026-06-17",false,""
"watches","2026-06-17",7,"ars;news",2,"2026-06-17",1,"2026-06-17",false,""
"windows","2026-06-17",2,"crates;news",2,"2026-06-17",1,"2026-06-17",true,"2026-06-17"
"would","2026-06-17",0,"arxiv;news",2,"2026-06-17",1,"2026-06-17",true,"2026-06-17"
"wrong","2026-06-17",5,"devto;news",2,"2026-06-17",1,"2026-06-17",false,""
"yak","2026-06-17",3,"hn;lobsters",2,"2026-06-17",1,"2026-06-17",false,""
"10gb","2026-06-17",4,"hn",1,"2026-06-17",1,"2026-06-17",false,""
"220x","2026-06-17",4,"hn",1,"2026-06-17",1,"2026-06-17",false,""
"25b","2026-06-17",7,"ars",1,"2026-06-17",1,"2026-06-17",false,""
"2fa","2026-06-17",7,"ars",1,"2026-06-17",1,"2026-06-17",false,""
"2xko","2026-06-17",8,"news",1,"2026-06-17",1,"2026-06-17",false,""
"60b","2026-06-17",4,"hn",1,"2026-06-17",1,"2026-06-17",false,""
"85k","2026-06-17",5,"devto",1,"2026-06-17",1,"2026-06-17",false,""
"8tb","2026-06-17",8,"news",1,"2026-06-17",1,"2026-06-17",false,""
"abandons","2026-06-17",7,"ars",1,"2026-06-17",1,"2026-06-17",false,""
"abuse","2026-06-17",0,"arxiv",1,"2026-06-17",1,"2026-06-17",false,""
"abyss","2026-06-17",8,"news",1,"2026-06-17",1,"2026-06-17",false,""
"according","2026-06-17",8,"news",1,"2026-06-17",1,"2026-06-17",false,""
"achievement","2026-06-17",8,"news",1,"2026-06-17",1,"2026-06-17",false,""
"acquire","2026-06-17",7,"ars",1,"2026-06-17",1,"2026-06-17",false,""
"across","2026-06-17",0,"arxiv",1,"2026-06-17",1,"2026-06-17",false,""
"added","2026-06-17",8,"news",1,"2026-06-17",1,"2026-06-17",false,""
"adopting","2026-06-17",5,"devto",1,"2026-06-17",1,"2026-06-17",false,""
"advertise","2026-06-17",8,"news",1,"2026-06-17",1,"2026-06-17",false,""
"advertising","2026-06-17",8,"news",1,"2026-06-17",1,"2026-06-17",false,""
"afternoon","2026-06-17",5,"devto",1,"2026-06-17",1,"2026-06-17",false,""
"against","2026-06-17",7,"ars",1,"2026-06-17",1,"2026-06-17",false,""
"aging","2026-06-17",0,"arxiv",1,"2026-06-17",1,"2026-06-17",false,""
"ago","2026-06-17",8,"news",1,"2026-06-17",1,"2026-06-17",false,""
"ahead","2026-06-17",8,"news",1,"2026-06-17",1,"2026-06-17",false,""
"aio","2026-06-17",8,"news",1,"2026-06-17",1,"2026-06-17",false,""
"airship","2026-06-17",8,"news",1,"2026-06-17",1,"2026-06-17",false,""
"aiventure","2026-06-17",5,"devto",1,"2026-06-17",1,"2026-06-17",false,""
"alarm","2026-06-17",0,"arxiv",1,"2026-06-17",1,"2026-06-17",false,""
"alex","2026-06-17",9,"wiki",1,"2026-06-17",1,"2026-06-17",false,""
"alibaba","2026-06-17",1,"github",1,"2026-06-17",1,"2026-06-17",false,""
"alliance","2026-06-17",1,"github",1,"2026-06-17",1,"2026-06-17",false,""
"allowed","2026-06-17",7,"ars",1,"2026-06-17",1,"2026-06-17",false,""
"alongside","2026-06-17",8,"news",1,"2026-06-17",1,"2026-06-17",false,""
"alpine","2026-06-17",4,"hn",1,"2026-06-17",1,"2026-06-17",false,""
"already","2026-06-17",4,"hn",1,"2026-06-17",1,"2026-06-17",false,""
"amazon","2026-06-17",7,"ars",1,"2026-06-17",1,"2026-06-17",false,""
"amid","2026-06-17",7,"ars",1,"2026-06-17",1,"2026-06-17",false,""
"among","2026-06-17",7,"ars",1,"2026-06-17",1,"2026-06-17",false,""
"amour","2026-06-17",9,"wiki",1,"2026-06-17",1,"2026-06-17",false,""
"amphibious","2026-06-17",4,"hn",1,"2026-06-17",1,"2026-06-17",false,""
"analyst","2026-06-17",8,"news",1,"2026-06-17",1,"2026-06-17",false,""
"animal","2026-06-17",0,"arxiv",1,"2026-06-17",1,"2026-06-17",false,""
"announced","2026-06-17",8,"news",1,"2026-06-17",1,"2026-06-17",false,""
"another","2026-06-17",8,"news",1,"2026-06-17",1,"2026-06-17",false,""
"answering","2026-06-17",0,"arxiv",1,"2026-06-17",1,"2026-06-17",false,""
"any","2026-06-17",5,"devto",1,"2026-06-17",1,"2026-06-17",false,""
"apart","2026-06-17",7,"ars",1,"2026-06-17",1,"2026-06-17",false,""
"appearing","2026-06-17",8,"news",1,"2026-06-17",1,"2026-06-17",false,""
"approval","2026-06-17",7,"ars",1,"2026-06-17",1,"2026-06-17",false,""
"approximation","2026-06-17",0,"arxiv",1,"2026-06-17",1,"2026-06-17",false,""
"arcana","2026-06-17",8,"news",1,"2026-06-17",1,"2026-06-17",false,""
"archive","2026-06-17",4,"hn",1,"2026-06-17",1,"2026-06-17",false,""
"area","2026-06-17",4,"hn",1,"2026-06-17",1,"2026-06-17",false,""
"army","2026-06-17",8,"news",1,"2026-06-17",1,"2026-06-17",false,""
"arrives","2026-06-17",8,"news",1,"2026-06-17",1,"2026-06-17",false,""
"ars","2026-06-17",7,"ars",1,"2026-06-17",1,"2026-06-17",false,""
"article","2026-06-17",5,"devto",1,"2026-06-17",1,"2026-06-17",false,""
"arts","2026-06-17",8,"news",1,"2026-06-17",1,"2026-06-17",false,""
"ascii","2026-06-17",4,"hn",1,"2026-06-17",1,"2026-06-17",false,""
"asha","2026-06-17",8,"news",1,"2026-06-17",1,"2026-06-17",false,""
"assassin","2026-06-17",8,"news",1,"2026-06-17",1,"2026-06-17",false,""
"asset","2026-06-17",0,"arxiv",1,"2026-06-17",1,"2026-06-17",false,""
"ast","2026-06-17",4,"hn",1,"2026-06-17",1,"2026-06-17",false,""
"async","2026-06-17",3,"lobsters",1,"2026-06-17",1,"2026-06-17",false,""
"atrophy","2026-06-17",0,"arxiv",1,"2026-06-17",1,"2026-06-17",false,""
"auden","2026-06-17",4,"hn",1,"2026-06-17",1,"2026-06-17",false,""
"auditors","2026-06-17",8,"news",1,"2026-06-17",1,"2026-06-17",false,""
"audits","2026-06-17",0,"arxiv",1,"2026-06-17",1,"2026-06-17",false,""
"australia","2026-06-17",5,"devto",1,"2026-06-17",1,"2026-06-17",false,""
"auth","2026-06-17",5,"devto",1,"2026-06-17",1,"2026-06-17",false,""
"authored","2026-06-17",0,"arxiv",1,"2026-06-17",1,"2026-06-17",false,""
"automation","2026-06-17",0,"arxiv",1,"2026-06-17",1,"2026-06-17",false,""
"ayari","2026-06-17",9,"wiki",1,"2026-06-17",1,"2026-06-17",false,""
"backdoor","2026-06-17",3,"lobsters",1,"2026-06-17",1,"2026-06-17",false,""
"backrooms","2026-06-17",9,"wiki",1,"2026-06-17",1,"2026-06-17",false,""
"bacterial","2026-06-17",7,"ars",1,"2026-06-17",1,"2026-06-17",false,""
"ban","2026-06-17",7,"ars",1,"2026-06-17",1,"2026-06-17",false,""
"banned","2026-06-17",3,"lobsters",1,"2026-06-17",1,"2026-06-17",false,""
"bare","2026-06-17",8,"news",1,"2026-06-17",1,"2026-06-17",false,""
"battery","2026-06-17",8,"news",1,"2026-06-17",1,"2026-06-17",false,""
"bedrock","2026-06-17",8,"news",1,"2026-06-17",1,"2026-06-17",false,""
"behaviour","2026-06-17",0,"arxiv",1,"2026-06-17",1,"2026-06-17",false,""
"benchmarking","2026-06-17",0,"arxiv",1,"2026-06-17",1,"2026-06-17",false,""
"bets","2026-06-17",8,"news",1,"2026-06-17",1,"2026-06-17",false,""
"between","2026-06-17",3,"lobsters",1,"2026-06-17",1,"2026-06-17",false,""
"bid","2026-06-17",8,"news",1,"2026-06-17",1,"2026-06-17",false,""
"big","2026-06-17",5,"devto",1,"2026-06-17",1,"2026-06-17",false,""
"billing","2026-06-17",7,"ars",1,"2026-06-17",1,"2026-06-17",false,""
"billion","2026-06-17",7,"ars",1,"2026-06-17",1,"2026-06-17",false,""
"billions","2026-06-17",7,"ars",1,"2026-06-17",1,"2026-06-17",false,""
"bingo","2026-06-17",5,"devto",1,"2026-06-17",1,"2026-06-17",false,""
"bitflags","2026-06-17",2,"crates",1,"2026-06-17",1,"2026-06-17",false,""
"bliss","2026-06-17",3,"lobsters",1,"2026-06-17",1,"2026-06-17",false,""
"block","2026-06-17",7,"ars",1,"2026-06-17",1,"2026-06-17",false,""
"blockers","2026-06-17",3,"lobsters",1,"2026-06-17",1,"2026-06-17",false,""
"blocks","2026-06-17",7,"ars",1,"2026-06-17",1,"2026-06-17",false,""
"blog","2026-06-17",3,"lobsters",1,"2026-06-17",1,"2026-06-17",false,""
"blogging","2026-06-17",8,"news",1,"2026-06-17",1,"2026-06-17",false,""
"boasts","2026-06-17",7,"ars",1,"2026-06-17",1,"2026-06-17",false,""
"boeing","2026-06-17",9,"wiki",1,"2026-06-17",1,"2026-06-17",false,""
"book6","2026-06-17",8,"news",1,"2026-06-17",1,"2026-06-17",false,""
"books","2026-06-17",4,"hn",1,"2026-06-17",1,"2026-06-17",false,""
"boost","2026-06-17",8,"news",1,"2026-06-17",1,"2026-06-17",false,""
"bosses","2026-06-17",8,"news",1,"2026-06-17",1,"2026-06-17",false,""
"brakes","2026-06-17",5,"devto",1,"2026-06-17",1,"2026-06-17",false,""
"brand","2026-06-17",8,"news",1,"2026-06-17",1,"2026-06-17",false,""
"brandon","2026-06-17",9,"wiki",1,"2026-06-17",1,"2026-06-17",false,""
"brands","2026-06-17",8,"news",1,"2026-06-17",1,"2026-06-17",false,""
"breaks","2026-06-17",7,"ars",1,"2026-06-17",1,"2026-06-17",false,""
"breath","2026-06-17",3,"lobsters",1,"2026-06-17",1,"2026-06-17",false,""
"brief","2026-06-17",4,"hn",1,"2026-06-17",1,"2026-06-17",false,""
"brind","2026-06-17",9,"wiki",1,"2026-06-17",1,"2026-06-17",false,""
"bringing","2026-06-17",8,"news",1,"2026-06-17",1,"2026-06-17",false,""
"broadcom","2026-06-17",4,"hn",1,"2026-06-17",1,"2026-06-17",false,""
"bros","2026-06-17",7,"ars",1,"2026-06-17",1,"2026-06-17",false,""
"browsers","2026-06-17",7,"ars",1,"2026-06-17",1,"2026-06-17",false,""
"budget","2026-06-17",8,"news",1,"2026-06-17",1,"2026-06-17",false,""
"buds","2026-06-17",8,"news",1,"2026-06-17",1,"2026-06-17",false,""
"building","2026-06-17",5,"devto",1,"2026-06-17",1,"2026-06-17",false,""
"bullfight","2026-06-17",0,"arxiv",1,"2026-06-17",1,"2026-06-17",false,""
"bunnie","2026-06-17",9,"wiki",1,"2026-06-17",1,"2026-06-17",false,""
"bunny","2026-06-17",5,"devto",1,"2026-06-17",1,"2026-06-17",false,""
"burn","2026-06-17",4,"hn",1,"2026-06-17",1,"2026-06-17",false,""
"burnout","2026-06-17",5,"devto",1,"2026-06-17",1,"2026-06-17",false,""
"bussi","2026-06-17",9,"wiki",1,"2026-06-17",1,"2026-06-17",false,""
"buttons","2026-06-17",8,"news",1,"2026-06-17",1,"2026-06-17",false,""
"buy","2026-06-17",4,"hn",1,"2026-06-17",1,"2026-06-17",false,""
"buyers","2026-06-17",8,"news",1,"2026-06-17",1,"2026-06-17",false,""
"c3gd","2026-06-17",0,"arxiv",1,"2026-06-17",1,"2026-06-17",false,""
"caliber","2026-06-17",0,"arxiv",1,"2026-06-17",1,"2026-06-17",false,""
"calvin","2026-06-17",4,"hn",1,"2026-06-17",1,"2026-06-17",false,""
"camera","2026-06-17",8,"news",1,"2026-06-17",1,"2026-06-17",false,""
"campaign","2026-06-17",8,"news",1,"2026-06-17",1,"2026-06-17",false,""
"campaigns","2026-06-17",8,"news",1,"2026-06-17",1,"2026-06-17",false,""
"cardiac","2026-06-17",0,"arxiv",1,"2026-06-17",1,"2026-06-17",false,""
"carolina","2026-06-17",9,"wiki",1,"2026-06-17",1,"2026-06-17",false,""
"carry","2026-06-17",5,"devto",1,"2026-06-17",1,"2026-06-17",false,""
"case","2026-06-17",9,"wiki",1,"2026-06-17",1,"2026-06-17",false,""
"cast","2026-06-17",8,"news",1,"2026-06-17",1,"2026-06-17",false,""
"cats","2026-06-17",5,"devto",1,"2026-06-17",1,"2026-06-17",false,""
"celebrate","2026-06-17",5,"devto",1,"2026-06-17",1,"2026-06-17",false,""
"center","2026-06-17",8,"news",1,"2026-06-17",1,"2026-06-17",false,""
"certus","2026-06-17",0,"arxiv",1,"2026-06-17",1,"2026-06-17",false,""
"chameleon","2026-06-17",8,"news",1,"2026-06-17",1,"2026-06-17",false,""
"champions","2026-06-17",8,"news",1,"2026-06-17",1,"2026-06-17",false,""
"changed","2026-06-17",8,"news",1,"2026-06-17",1,"2026-06-17",false,""
"changelog","2026-06-17",8,"news",1,"2026-06-17",1,"2026-06-17",false,""
"chaos","2026-06-17",8,"news",1,"2026-06-17",1,"2026-06-17",false,""
"chatgpt","2026-06-17",9,"wiki",1,"2026-06-17",1,"2026-06-17",false,""
"cheaper","2026-06-17",8,"news",1,"2026-06-17",1,"2026-06-17",false,""
"cheeto","2026-06-17",8,"news",1,"2026-06-17",1,"2026-06-17",false,""
"chief","2026-06-17",8,"news",1,"2026-06-17",1,"2026-06-17",false,""
"chinese","2026-06-17",7,"ars",1,"2026-06-17",1,"2026-06-17",false,""
"chip","2026-06-17",8,"news",1,"2026-06-17",1,"2026-06-17",false,""
"chipmaker","2026-06-17",7,"ars",1,"2026-06-17",1,"2026-06-17",false,""
"chipotle","2026-06-17",8,"news",1,"2026-06-17",1,"2026-06-17",false,""
"chips","2026-06-17",8,"news",1,"2026-06-17",1,"2026-06-17",false,""
"chopra","2026-06-17",9,"wiki",1,"2026-06-17",1,"2026-06-17",false,""
"chronicles","2026-06-17",8,"news",1,"2026-06-17",1,"2026-06-17",false,""
"ciryl","2026-06-17",9,"wiki",1,"2026-06-17",1,"2026-06-17",false,""
"civics","2026-06-17",3,"lobsters",1,"2026-06-17",1,"2026-06-17",false,""
"claims","2026-06-17",8,"news",1,"2026-06-17",1,"2026-06-17",false,""
"claude","2026-06-17",7,"ars",1,"2026-06-17",1,"2026-06-17",false,""
"claudius","2026-06-17",3,"lobsters",1,"2026-06-17",1,"2026-06-17",false,""
"close","2026-06-17",7,"ars",1,"2026-06-17",1,"2026-06-17",false,""
"clues","2026-06-17",8,"news",1,"2026-06-17",1,"2026-06-17",false,""
"cockroaches","2026-06-17",7,"ars",1,"2026-06-17",1,"2026-06-17",false,""
"coded","2026-06-17",5,"devto",1,"2026-06-17",1,"2026-06-17",false,""
"coding","2026-06-17",7,"ars",1,"2026-06-17",1,"2026-06-17",false,""
"coffee","2026-06-17",5,"devto",1,"2026-06-17",1,"2026-06-17",false,""
"cognitive","2026-06-17",0,"arxiv",1,"2026-06-17",1,"2026-06-17",false,""
"collision","2026-06-17",9,"wiki",1,"2026-06-17",1,"2026-06-17",false,""
"come","2026-06-17",8,"news",1,"2026-06-17",1,"2026-06-17",false,""
"coming","2026-06-17",8,"news",1,"2026-06-17",1,"2026-06-17",false,""
"commercial","2026-06-17",7,"ars",1,"2026-06-17",1,"2026-06-17",false,""
"commit","2026-06-17",5,"devto",1,"2026-06-17",1,"2026-06-17",false,""
"completely","2026-06-17",8,"news",1,"2026-06-17",1,"2026-06-17",false,""
"compute","2026-06-17",4,"hn",1,"2026-06-17",1,"2026-06-17",false,""
"computer","2026-06-17",1,"github",1,"2026-06-17",1,"2026-06-17",false,""
"computing","2026-06-17",4,"hn",1,"2026-06-17",1,"2026-06-17",false,""
"concept","2026-06-17",8,"news",1,"2026-06-17",1,"2026-06-17",false,""
"conceptualized","2026-06-17",8,"news",1,"2026-06-17",1,"2026-06-17",false,""
"concern","2026-06-17",8,"news",1,"2026-06-17",1,"2026-06-17",false,""
"confession","2026-06-17",5,"devto",1,"2026-06-17",1,"2026-06-17",false,""
"congrats","2026-06-17",5,"devto",1,"2026-06-17",1,"2026-06-17",false,""
"congress","2026-06-17",7,"ars",1,"2026-06-17",1,"2026-06-17",false,""
"connections","2026-06-17",0,"arxiv",1,"2026-06-17",1,"2026-06-17",false,""
"consistency","2026-06-17",0,"arxiv",1,"2026-06-17",1,"2026-06-17",false,""
"constellation","2026-06-17",7,"ars",1,"2026-06-17",1,"2026-06-17",false,""
"container","2026-06-17",3,"lobsters",1,"2026-06-17",1,"2026-06-17",false,""
"contains","2026-06-17",3,"lobsters",1,"2026-06-17",1,"2026-06-17",false,""
"contrastive","2026-06-17",4,"hn",1,"2026-06-17",1,"2026-06-17",false,""
"control","2026-06-17",8,"news",1,"2026-06-17",1,"2026-06-17",false,""
"controller","2026-06-17",8,"news",1,"2026-06-17",1,"2026-06-17",false,""
"controversial","2026-06-17",8,"news",1,"2026-06-17",1,"2026-06-17",false,""
"convex","2026-06-17",0,"arxiv",1,"2026-06-17",1,"2026-06-17",false,""
"cool","2026-06-17",8,"news",1,"2026-06-17",1,"2026-06-17",false,""
"copies","2026-06-17",8,"news",1,"2026-06-17",1,"2026-06-17",false,""
"copilot","2026-06-17",7,"ars",1,"2026-06-17",1,"2026-06-17",false,""
"core","2026-06-17",2,"crates",1,"2026-06-17",1,"2026-06-17",false,""
"coresets","2026-06-17",0,"arxiv",1,"2026-06-17",1,"2026-06-17",false,""
"corporate","2026-06-17",0,"arxiv",1,"2026-06-17",1,"2026-06-17",false,""
"correct","2026-06-17",7,"ars",1,"2026-06-17",1,"2026-06-17",false,""
"costs","2026-06-17",8,"news",1,"2026-06-17",1,"2026-06-17",false,""
"counting","2026-06-17",7,"ars",1,"2026-06-17",1,"2026-06-17",false,""
"cover","2026-06-17",8,"news",1,"2026-06-17",1,"2026-06-17",false,""
"covid","2026-06-17",7,"ars",1,"2026-06-17",1,"2026-06-17",false,""
"crash","2026-06-17",8,"news",1,"2026-06-17",1,"2026-06-17",false,""
"create","2026-06-17",8,"news",1,"2026-06-17",1,"2026-06-17",false,""
"creative","2026-06-17",4,"hn",1,"2026-06-17",1,"2026-06-17",false,""
"credits","2026-06-17",8,"news",1,"2026-06-17",1,"2026-06-17",false,""
"creed","2026-06-17",8,"news",1,"2026-06-17",1,"2026-06-17",false,""
"cristiano","2026-06-17",9,"wiki",1,"2026-06-17",1,"2026-06-17",false,""
"critical","2026-06-17",7,"ars",1,"2026-06-17",1,"2026-06-17",false,""
"css4","2026-06-17",5,"devto",1,"2026-06-17",1,"2026-06-17",false,""
"cti","2026-06-17",0,"arxiv",1,"2026-06-17",1,"2026-06-17",false,""
"cucurella","2026-06-17",9,"wiki",1,"2026-06-17",1,"2026-06-17",false,""
"curaçao","2026-06-17",9,"wiki",1,"2026-06-17",1,"2026-06-17",false,""
"curfews","2026-06-17",7,"ars",1,"2026-06-17",1,"2026-06-17",false,""
"cutile","2026-06-17",4,"hn",1,"2026-06-17",1,"2026-06-17",false,""
"cves","2026-06-17",3,"lobsters",1,"2026-06-17",1,"2026-06-17",false,""
"cyber","2026-06-17",0,"arxiv",1,"2026-06-17",1,"2026-06-17",false,""
"cybersecurity","2026-06-17",0,"arxiv",1,"2026-06-17",1,"2026-06-17",false,""
"dangerously","2026-06-17",7,"ars",1,"2026-06-17",1,"2026-06-17",false,""
"date","2026-06-17",8,"news",1,"2026-06-17",1,"2026-06-17",false,""
"daughter","2026-06-17",5,"devto",1,"2026-06-17",1,"2026-06-17",false,""
"deaths","2026-06-17",9,"wiki",1,"2026-06-17",1,"2026-06-17",false,""
"decade","2026-06-17",8,"news",1,"2026-06-17",1,"2026-06-17",false,""
"delete","2026-06-17",8,"news",1,"2026-06-17",1,"2026-06-17",false,""
"deletes","2026-06-17",8,"news",1,"2026-06-17",1,"2026-06-17",false,""
"delivered","2026-06-17",7,"ars",1,"2026-06-17",1,"2026-06-17",false,""
"dell","2026-06-17",8,"news",1,"2026-06-17",1,"2026-06-17",false,""
"delta","2026-06-17",8,"news",1,"2026-06-17",1,"2026-06-17",false,""
"demystifying","2026-06-17",4,"hn",1,"2026-06-17",1,"2026-06-17",false,""
"denies","2026-06-17",8,"news",1,"2026-06-17",1,"2026-06-17",false,""
"deore","2026-06-17",8,"news",1,"2026-06-17",1,"2026-06-17",false,""
"description","2026-06-17",8,"news",1,"2026-06-17",1,"2026-06-17",false,""
"descriptor","2026-06-17",0,"arxiv",1,"2026-06-17",1,"2026-06-17",false,""
"design","2026-06-17",4,"hn",1,"2026-06-17",1,"2026-06-17",false,""
"designer","2026-06-17",4,"hn",1,"2026-06-17",1,"2026-06-17",false,""
"despite","2026-06-17",4,"hn",1,"2026-06-17",1,"2026-06-17",false,""
"destroying","2026-06-17",4,"hn",1,"2026-06-17",1,"2026-06-17",false,""
"detox","2026-06-17",8,"news",1,"2026-06-17",1,"2026-06-17",false,""
"development","2026-06-17",8,"news",1,"2026-06-17",1,"2026-06-17",false,""
"devices","2026-06-17",8,"news",1,"2026-06-17",1,"2026-06-17",false,""
"diablo","2026-06-17",8,"news",1,"2026-06-17",1,"2026-06-17",false,""
"diagrams","2026-06-17",4,"hn",1,"2026-06-17",1,"2026-06-17",false,""
"dial","2026-06-17",3,"lobsters",1,"2026-06-17",1,"2026-06-17",false,""
"did","2026-06-17",8,"news",1,"2026-06-17",1,"2026-06-17",false,""
"differ","2026-06-17",3,"lobsters",1,"2026-06-17",1,"2026-06-17",false,""
"difference","2026-06-17",0,"arxiv",1,"2026-06-17",1,"2026-06-17",false,""
"direct","2026-06-17",8,"news",1,"2026-06-17",1,"2026-06-17",false,""
"direction","2026-06-17",7,"ars",1,"2026-06-17",1,"2026-06-17",false,""
"directly","2026-06-17",8,"news",1,"2026-06-17",1,"2026-06-17",false,""
"disappear","2026-06-17",5,"devto",1,"2026-06-17",1,"2026-06-17",false,""
"disclosure","2026-06-17",9,"wiki",1,"2026-06-17",1,"2026-06-17",false,""
"disclosures","2026-06-17",0,"arxiv",1,"2026-06-17",1,"2026-06-17",false,""
"discover","2026-06-17",8,"news",1,"2026-06-17",1,"2026-06-17",false,""
"discovery","2026-06-17",0,"arxiv",1,"2026-06-17",1,"2026-06-17",false,""
"disk","2026-06-17",4,"hn",1,"2026-06-17",1,"2026-06-17",false,""
"distillation","2026-06-17",0,"arxiv",1,"2026-06-17",1,"2026-06-17",false,""
"distilled","2026-06-17",0,"arxiv",1,"2026-06-17",1,"2026-06-17",false,""
"dna","2026-06-17",8,"news",1,"2026-06-17",1,"2026-06-17",false,""
"docs","2026-06-17",7,"ars",1,"2026-06-17",1,"2026-06-17",false,""
"doctrinal","2026-06-17",0,"arxiv",1,"2026-06-17",1,"2026-06-17",false,""
"does","2026-06-17",8,"news",1,"2026-06-17",1,"2026-06-17",false,""
"doing","2026-06-17",0,"arxiv",1,"2026-06-17",1,"2026-06-17",false,""
"doj","2026-06-17",7,"ars",1,"2026-06-17",1,"2026-06-17",false,""
"dollars","2026-06-17",7,"ars",1,"2026-06-17",1,"2026-06-17",false,""
"don","2026-06-17",8,"news",1,"2026-06-17",1,"2026-06-17",false,""
"donald","2026-06-17",9,"wiki",1,"2026-06-17",1,"2026-06-17",false,""
"draw","2026-06-17",4,"hn",1,"2026-06-17",1,"2026-06-17",false,""
"dream","2026-06-17",8,"news",1,"2026-06-17",1,"2026-06-17",false,""
"drflow","2026-06-17",0,"arxiv",1,"2026-06-17",1,"2026-06-17",false,""
"drink","2026-06-17",8,"news",1,"2026-06-17",1,"2026-06-17",false,""
"driven","2026-06-17",0,"arxiv",1,"2026-06-17",1,"2026-06-17",false,""
"dumb","2026-06-17",8,"news",1,"2026-06-17",1,"2026-06-17",false,""
"dungeon","2026-06-17",5,"devto",1,"2026-06-17",1,"2026-06-17",false,""
"during","2026-06-17",3,"lobsters",1,"2026-06-17",1,"2026-06-17",false,""
"dust","2026-06-17",8,"news",1,"2026-06-17",1,"2026-06-17",false,""
"ear","2026-06-17",8,"news",1,"2026-06-17",1,"2026-06-17",false,""
"earbuds","2026-06-17",8,"news",1,"2026-06-17",1,"2026-06-17",false,""
"early","2026-06-17",8,"news",1,"2026-06-17",1,"2026-06-17",false,""
"earning","2026-06-17",8,"news",1,"2026-06-17",1,"2026-06-17",false,""
"earth","2026-06-17",8,"news",1,"2026-06-17",1,"2026-06-17",false,""
"easy","2026-06-17",8,"news",1,"2026-06-17",1,"2026-06-17",false,""
"edgar","2026-06-17",0,"arxiv",1,"2026-06-17",1,"2026-06-17",false,""
"edge","2026-06-17",8,"news",1,"2026-06-17",1,"2026-06-17",false,""
"efficient","2026-06-17",0,"arxiv",1,"2026-06-17",1,"2026-06-17",false,""
"eight","2026-06-17",8,"news",1,"2026-06-17",1,"2026-06-17",false,""
"electronic","2026-06-17",8,"news",1,"2026-06-17",1,"2026-06-17",false,""
"electrophysiology","2026-06-17",0,"arxiv",1,"2026-06-17",1,"2026-06-17",false,""
"elijah","2026-06-17",9,"wiki",1,"2026-06-17",1,"2026-06-17",false,""
"email","2026-06-17",4,"hn",1,"2026-06-17",1,"2026-06-17",false,""
"embarrassing","2026-06-17",5,"devto",1,"2026-06-17",1,"2026-06-17",false,""
"embodied","2026-06-17",0,"arxiv",1,"2026-06-17",1,"2026-06-17",false,""
"emerald","2026-06-17",8,"news",1,"2026-06-17",1,"2026-06-17",false,""
"emoji","2026-06-17",4,"hn",1,"2026-06-17",1,"2026-06-17",false,""
"emulation","2026-06-17",3,"lobsters",1,"2026-06-17",1,"2026-06-17",false,""
"emulator","2026-06-17",3,"lobsters",1,"2026-06-17",1,"2026-06-17",false,""
"enables","2026-06-17",0,"arxiv",1,"2026-06-17",1,"2026-06-17",false,""
"ended","2026-06-17",0,"arxiv",1,"2026-06-17",1,"2026-06-17",false,""
"endurance","2026-06-17",0,"arxiv",1,"2026-06-17",1,"2026-06-17",false,""
"engineering","2026-06-17",4,"hn",1,"2026-06-17",1,"2026-06-17",false,""
"english","2026-06-17",8,"news",1,"2026-06-17",1,"2026-06-17",false,""
"entering","2026-06-17",7,"ars",1,"2026-06-17",1,"2026-06-17",false,""
"enterprise","2026-06-17",7,"ars",1,"2026-06-17",1,"2026-06-17",false,""
"entire","2026-06-17",8,"news",1,"2026-06-17",1,"2026-06-17",false,""
"epic","2026-06-17",8,"news",1,"2026-06-17",1,"2026-06-17",false,""
"erling","2026-06-17",9,"wiki",1,"2026-06-17",1,"2026-06-17",false,""
"eshop","2026-06-17",8,"news",1,"2026-06-17",1,"2026-06-17",false,""
"estimation","2026-06-17",4,"hn",1,"2026-06-17",1,"2026-06-17",false,""
"ethernet","2026-06-17",4,"hn",1,"2026-06-17",1,"2026-06-17",false,""
"evaluating","2026-06-17",0,"arxiv",1,"2026-06-17",1,"2026-06-17",false,""
"evan","2026-06-17",8,"news",1,"2026-06-17",1,"2026-06-17",false,""
"even","2026-06-17",8,"news",1,"2026-06-17",1,"2026-06-17",false,""
"evil","2026-06-17",3,"lobsters",1,"2026-06-17",1,"2026-06-17",false,""
"evolved","2026-06-17",8,"news",1,"2026-06-17",1,"2026-06-17",false,""
"evolvenav","2026-06-17",0,"arxiv",1,"2026-06-17",1,"2026-06-17",false,""
"exclusive","2026-06-17",8,"news",1,"2026-06-17",1,"2026-06-17",false,""
"exclusives","2026-06-17",8,"news",1,"2026-06-17",1,"2026-06-17",false,""
"exclusivity","2026-06-17",8,"news",1,"2026-06-17",1,"2026-06-17",false,""
"expansion","2026-06-17",8,"news",1,"2026-06-17",1,"2026-06-17",false,""
"explains","2026-06-17",8,"news",1,"2026-06-17",1,"2026-06-17",false,""
"exploit","2026-06-17",8,"news",1,"2026-06-17",1,"2026-06-17",false,""
"extension","2026-06-17",5,"devto",1,"2026-06-17",1,"2026-06-17",false,""
"extraction","2026-06-17",0,"arxiv",1,"2026-06-17",1,"2026-06-17",false,""
"fable","2026-06-17",0,"arxiv",1,"2026-06-17",1,"2026-06-17",false,""
"faces","2026-06-17",0,"arxiv",1,"2026-06-17",1,"2026-06-17",false,""
"fails","2026-06-17",4,"hn",1,"2026-06-17",1,"2026-06-17",false,""
"faithful","2026-06-17",0,"arxiv",1,"2026-06-17",1,"2026-06-17",false,""
"fake","2026-06-17",8,"news",1,"2026-06-17",1,"2026-06-17",false,""
"fans","2026-06-17",8,"news",1,"2026-06-17",1,"2026-06-17",false,""
"farewell","2026-06-17",8,"news",1,"2026-06-17",1,"2026-06-17",false,""
"faster","2026-06-17",4,"hn",1,"2026-06-17",1,"2026-06-17",false,""
"favorite","2026-06-17",8,"news",1,"2026-06-17",1,"2026-06-17",false,""
"featured","2026-06-17",5,"devto",1,"2026-06-17",1,"2026-06-17",false,""
"fee","2026-06-17",8,"news",1,"2026-06-17",1,"2026-06-17",false,""
"fellowship","2026-06-17",5,"devto",1,"2026-06-17",1,"2026-06-17",false,""
"fight","2026-06-17",7,"ars",1,"2026-06-17",1,"2026-06-17",false,""
"figure","2026-06-17",8,"news",1,"2026-06-17",1,"2026-06-17",false,""
"filings","2026-06-17",0,"arxiv",1,"2026-06-17",1,"2026-06-17",false,""
"finals","2026-06-17",9,"wiki",1,"2026-06-17",1,"2026-06-17",false,""
"financials","2026-06-17",4,"hn",1,"2026-06-17",1,"2026-06-17",false,""
"financing","2026-06-17",8,"news",1,"2026-06-17",1,"2026-06-17",false,""
"finds","2026-06-17",7,"ars",1,"2026-06-17",1,"2026-06-17",false,""
"finite","2026-06-17",0,"arxiv",1,"2026-06-17",1,"2026-06-17",false,""
"firmware","2026-06-17",8,"news",1,"2026-06-17",1,"2026-06-17",false,""
"fishing","2026-06-17",0,"arxiv",1,"2026-06-17",1,"2026-06-17",false,""
"five","2026-06-17",5,"devto",1,"2026-06-17",1,"2026-06-17",false,""
"flash","2026-06-17",0,"arxiv",1,"2026-06-17",1,"2026-06-17",false,""
"flight","2026-06-17",8,"news",1,"2026-06-17",1,"2026-06-17",false,""
"float","2026-06-17",3,"lobsters",1,"2026-06-17",1,"2026-06-17",false,""
"flowers","2026-06-17",4,"hn",1,"2026-06-17",1,"2026-06-17",false,""
"foldable","2026-06-17",8,"news",1,"2026-06-17",1,"2026-06-17",false,""
"follow","2026-06-17",5,"devto",1,"2026-06-17",1,"2026-06-17",false,""
"forbidden","2026-06-17",8,"news",1,"2026-06-17",1,"2026-06-17",false,""
"forget","2026-06-17",8,"news",1,"2026-06-17",1,"2026-06-17",false,""
"formal","2026-06-17",4,"hn",1,"2026-06-17",1,"2026-06-17",false,""
"fortnite","2026-06-17",8,"news",1,"2026-06-17",1,"2026-06-17",false,""
"foundation","2026-06-17",4,"hn",1,"2026-06-17",1,"2026-06-17",false,""
"frame","2026-06-17",8,"news",1,"2026-06-17",1,"2026-06-17",false,""
"france","2026-06-17",9,"wiki",1,"2026-06-17",1,"2026-06-17",false,""
"fraud","2026-06-17",0,"arxiv",1,"2026-06-17",1,"2026-06-17",false,""
"freebsd","2026-06-17",3,"lobsters",1,"2026-06-17",1,"2026-06-17",false,""
"freedom","2026-06-17",9,"wiki",1,"2026-06-17",1,"2026-06-17",false,""
"fresh","2026-06-17",3,"lobsters",1,"2026-06-17",1,"2026-06-17",false,""
"friendly","2026-06-17",8,"news",1,"2026-06-17",1,"2026-06-17",false,""
"frontier","2026-06-17",0,"arxiv",1,"2026-06-17",1,"2026-06-17",false,""
"frood","2026-06-17",4,"hn",1,"2026-06-17",1,"2026-06-17",false,""
"funciona","2026-06-17",5,"devto",1,"2026-06-17",1,"2026-06-17",false,""
"funding","2026-06-17",4,"hn",1,"2026-06-17",1,"2026-06-17",false,""
"gaethje","2026-06-17",9,"wiki",1,"2026-06-17",1,"2026-06-17",false,""
"galactic","2026-06-17",8,"news",1,"2026-06-17",1,"2026-06-17",false,""
"gameplay","2026-06-17",8,"news",1,"2026-06-17",1,"2026-06-17",false,""
"gane","2026-06-17",9,"wiki",1,"2026-06-17",1,"2026-06-17",false,""
"gap","2026-06-17",0,"arxiv",1,"2026-06-17",1,"2026-06-17",false,""
"garden","2026-06-17",4,"hn",1,"2026-06-17",1,"2026-06-17",false,""
"gas","2026-06-17",7,"ars",1,"2026-06-17",1,"2026-06-17",false,""
"gaspi","2026-06-17",9,"wiki",1,"2026-06-17",1,"2026-06-17",false,""
"gear","2026-06-17",8,"news",1,"2026-06-17",1,"2026-06-17",false,""
"gears","2026-06-17",8,"news",1,"2026-06-17",1,"2026-06-17",false,""
"geeta","2026-06-17",9,"wiki",1,"2026-06-17",1,"2026-06-17",false,""
"gemma","2026-06-17",5,"devto",1,"2026-06-17",1,"2026-06-17",false,""
"generative","2026-06-17",8,"news",1,"2026-06-17",1,"2026-06-17",false,""
"genomes","2026-06-17",7,"ars",1,"2026-06-17",1,"2026-06-17",false,""
"geometric","2026-06-17",0,"arxiv",1,"2026-06-17",1,"2026-06-17",false,""
"getrandom","2026-06-17",2,"crates",1,"2026-06-17",1,"2026-06-17",false,""
"gets","2026-06-17",8,"news",1,"2026-06-17",1,"2026-06-17",false,""
"github","2026-06-17",0,"arxiv",1,"2026-06-17",1,"2026-06-17",false,""
"glasses","2026-06-17",8,"news",1,"2026-06-17",1,"2026-06-17",false,""
"gmail","2026-06-17",8,"news",1,"2026-06-17",1,"2026-06-17",false,""
"goal","2026-06-17",0,"arxiv",1,"2026-06-17",1,"2026-06-17",false,""
"goals","2026-06-17",5,"devto",1,"2026-06-17",1,"2026-06-17",false,""
"goalscorers","2026-06-17",9,"wiki",1,"2026-06-17",1,"2026-06-17",false,""
"got","2026-06-17",5,"devto",1,"2026-06-17",1,"2026-06-17",false,""
"gpt","2026-06-17",4,"hn",1,"2026-06-17",1,"2026-06-17",false,""
"gpu","2026-06-17",4,"hn",1,"2026-06-17",1,"2026-06-17",false,""
"grapheneos","2026-06-17",4,"hn",1,"2026-06-17",1,"2026-06-17",false,""
"grind","2026-06-17",8,"news",1,"2026-06-17",1,"2026-06-17",false,""
"grip","2026-06-17",8,"news",1,"2026-06-17",1,"2026-06-17",false,""
"grown","2026-06-17",8,"news",1,"2026-06-17",1,"2026-06-17",false,""
"gta","2026-06-17",8,"news",1,"2026-06-17",1,"2026-06-17",false,""
"guide","2026-06-17",5,"devto",1,"2026-06-17",1,"2026-06-17",false,""
"gunshot","2026-06-17",0,"arxiv",1,"2026-06-17",1,"2026-06-17",false,""
"guy","2026-06-17",5,"devto",1,"2026-06-17",1,"2026-06-17",false,""
"haaland","2026-06-17",9,"wiki",1,"2026-06-17",1,"2026-06-17",false,""
"hackers","2026-06-17",7,"ars",1,"2026-06-17",1,"2026-06-17",false,""
"halo","2026-06-17",8,"news",1,"2026-06-17",1,"2026-06-17",false,""
"hancock","2026-06-17",9,"wiki",1,"2026-06-17",1,"2026-06-17",false,""
"hand","2026-06-17",5,"devto",1,"2026-06-17",1,"2026-06-17",false,""
"handheld","2026-06-17",8,"news",1,"2026-06-17",1,"2026-06-17",false,""
"hands","2026-06-17",8,"news",1,"2026-06-17",1,"2026-06-17",false,""
"harden","2026-06-17",8,"news",1,"2026-06-17",1,"2026-06-17",false,""
"hashbrown","2026-06-17",2,"crates",1,"2026-06-17",1,"2026-06-17",false,""
"heard","2026-06-17",7,"ars",1,"2026-06-17",1,"2026-06-17",false,""
"heart","2026-06-17",7,"ars",1,"2026-06-17",1,"2026-06-17",false,""
"hellblade","2026-06-17",8,"news",1,"2026-06-17",1,"2026-06-17",false,""
"helldivers","2026-06-17",8,"news",1,"2026-06-17",1,"2026-06-17",false,""
"helps","2026-06-17",8,"news",1,"2026-06-17",1,"2026-06-17",false,""
"hidden","2026-06-17",8,"news",1,"2026-06-17",1,"2026-06-17",false,""
"hired","2026-06-17",8,"news",1,"2026-06-17",1,"2026-06-17",false,""
"hobbes","2026-06-17",4,"hn",1,"2026-06-17",1,"2026-06-17",false,""
"hobby","2026-06-17",5,"devto",1,"2026-06-17",1,"2026-06-17",false,""
"hokit","2026-06-17",9,"wiki",1,"2026-06-17",1,"2026-06-17",false,""
"holding","2026-06-17",5,"devto",1,"2026-06-17",1,"2026-06-17",false,""
"honda","2026-06-17",3,"lobsters",1,"2026-06-17",1,"2026-06-17",false,""
"hot","2026-06-17",8,"news",1,"2026-06-17",1,"2026-06-17",false,""
"hour","2026-06-17",8,"news",1,"2026-06-17",1,"2026-06-17",false,""
"hpe","2026-06-17",7,"ars",1,"2026-06-17",1,"2026-06-17",false,""
"humiliating","2026-06-17",4,"hn",1,"2026-06-17",1,"2026-06-17",false,""
"hurricanes","2026-06-17",9,"wiki",1,"2026-06-17",1,"2026-06-17",false,""
"hybrid","2026-06-17",0,"arxiv",1,"2026-06-17",1,"2026-06-17",false,""
"ibm","2026-06-17",4,"hn",1,"2026-06-17",1,"2026-06-17",false,""
"iconic","2026-06-17",8,"news",1,"2026-06-17",1,"2026-06-17",false,""
"idea","2026-06-17",5,"devto",1,"2026-06-17",1,"2026-06-17",false,""
"ideas","2026-06-17",5,"devto",1,"2026-06-17",1,"2026-06-17",false,""
"iis","2026-06-17",4,"hn",1,"2026-06-17",1,"2026-06-17",false,""
"ilia","2026-06-17",9,"wiki",1,"2026-06-17",1,"2026-06-17",false,""
"illegal","2026-06-17",0,"arxiv",1,"2026-06-17",1,"2026-06-17",false,""
"image","2026-06-17",5,"devto",1,"2026-06-17",1,"2026-06-17",false,""
"impl","2026-06-17",2,"crates",1,"2026-06-17",1,"2026-06-17",false,""
"implicit","2026-06-17",0,"arxiv",1,"2026-06-17",1,"2026-06-17",false,""
"impose","2026-06-17",7,"ars",1,"2026-06-17",1,"2026-06-17",false,""
"impressions","2026-06-17",8,"news",1,"2026-06-17",1,"2026-06-17",false,""
"impressive","2026-06-17",8,"news",1,"2026-06-17",1,"2026-06-17",false,""
"improvement","2026-06-17",0,"arxiv",1,"2026-06-17",1,"2026-06-17",false,""
"improvements","2026-06-17",8,"news",1,"2026-06-17",1,"2026-06-17",false,""
"includes","2026-06-17",8,"news",1,"2026-06-17",1,"2026-06-17",false,""
"index","2026-06-17",0,"arxiv",1,"2026-06-17",1,"2026-06-17",false,""
"indonesia","2026-06-17",4,"hn",1,"2026-06-17",1,"2026-06-17",false,""
"inference","2026-06-17",0,"arxiv",1,"2026-06-17",1,"2026-06-17",false,""
"influential","2026-06-17",4,"hn",1,"2026-06-17",1,"2026-06-17",false,""
"info","2026-06-17",8,"news",1,"2026-06-17",1,"2026-06-17",false,""
"informed","2026-06-17",0,"arxiv",1,"2026-06-17",1,"2026-06-17",false,""
"ingredients","2026-06-17",8,"news",1,"2026-06-17",1,"2026-06-17",false,""
"initramfs","2026-06-17",4,"hn",1,"2026-06-17",1,"2026-06-17",false,""
"inline","2026-06-17",5,"devto",1,"2026-06-17",1,"2026-06-17",false,""
"inside","2026-06-17",8,"news",1,"2026-06-17",1,"2026-06-17",false,""
"inspired","2026-06-17",8,"news",1,"2026-06-17",1,"2026-06-17",false,""
"instantly","2026-06-17",8,"news",1,"2026-06-17",1,"2026-06-17",false,""
"integer","2026-06-17",3,"lobsters",1,"2026-06-17",1,"2026-06-17",false,""
"integrity","2026-06-17",4,"hn",1,"2026-06-17",1,"2026-06-17",false,""
"intel","2026-06-17",8,"news",1,"2026-06-17",1,"2026-06-17",false,""
"intelligence","2026-06-17",4,"hn",1,"2026-06-17",1,"2026-06-17",false,""
"intentional","2026-06-17",5,"devto",1,"2026-06-17",1,"2026-06-17",false,""
"interviews","2026-06-17",3,"lobsters",1,"2026-06-17",1,"2026-06-17",false,""
"invariant","2026-06-17",0,"arxiv",1,"2026-06-17",1,"2026-06-17",false,""
"ips","2026-06-17",3,"lobsters",1,"2026-06-17",1,"2026-06-17",false,""
"isn","2026-06-17",8,"news",1,"2026-06-17",1,"2026-06-17",false,""
"issues","2026-06-17",0,"arxiv",1,"2026-06-17",1,"2026-06-17",false,""
"iuu","2026-06-17",0,"arxiv",1,"2026-06-17",1,"2026-06-17",false,""
"ivalice","2026-06-17",8,"news",1,"2026-06-17",1,"2026-06-17",false,""
"jail","2026-06-17",4,"hn",1,"2026-06-17",1,"2026-06-17",false,""
"jalen","2026-06-17",9,"wiki",1,"2026-06-17",1,"2026-06-17",false,""
"janeiro","2026-06-17",9,"wiki",1,"2026-06-17",1,"2026-06-17",false,""
"jelly","2026-06-17",9,"wiki",1,"2026-06-17",1,"2026-06-17",false,""
"join","2026-06-17",8,"news",1,"2026-06-17",1,"2026-06-17",false,""
"jordan","2026-06-17",9,"wiki",1,"2026-06-17",1,"2026-06-17",false,""
"josh","2026-06-17",9,"wiki",1,"2026-06-17",1,"2026-06-17",false,""
"justin","2026-06-17",9,"wiki",1,"2026-06-17",1,"2026-06-17",false,""
"jwts","2026-06-17",4,"hn",1,"2026-06-17",1,"2026-06-17",false,""
"kentucky","2026-06-17",9,"wiki",1,"2026-06-17",1,"2026-06-17",false,""
"kernels","2026-06-17",4,"hn",1,"2026-06-17",1,"2026-06-17",false,""
"key","2026-06-17",7,"ars",1,"2026-06-17",1,"2026-06-17",false,""
"keys","2026-06-17",3,"lobsters",1,"2026-06-17",1,"2026-06-17",false,""
"kidnapping","2026-06-17",9,"wiki",1,"2026-06-17",1,"2026-06-17",false,""
"kids","2026-06-17",7,"ars",1,"2026-06-17",1,"2026-06-17",false,""
"killed","2026-06-17",4,"hn",1,"2026-06-17",1,"2026-06-17",false,""
"know","2026-06-17",5,"devto",1,"2026-06-17",1,"2026-06-17",false,""
"knowledge","2026-06-17",0,"arxiv",1,"2026-06-17",1,"2026-06-17",false,""
"kolmogorov","2026-06-17",0,"arxiv",1,"2026-06-17",1,"2026-06-17",false,""
"korean","2026-06-17",5,"devto",1,"2026-06-17",1,"2026-06-17",false,""
"kubernetes","2026-06-17",3,"lobsters",1,"2026-06-17",1,"2026-06-17",false,""
"kwalee","2026-06-17",8,"news",1,"2026-06-17",1,"2026-06-17",false,""
"kylian","2026-06-17",9,"wiki",1,"2026-06-17",1,"2026-06-17",false,""
"label","2026-06-17",0,"arxiv",1,"2026-06-17",1,"2026-06-17",false,""
"labeled","2026-06-17",0,"arxiv",1,"2026-06-17",1,"2026-06-17",false,""
"labor","2026-06-17",0,"arxiv",1,"2026-06-17",1,"2026-06-17",false,""
"labs","2026-06-17",8,"news",1,"2026-06-17",1,"2026-06-17",false,""
"laid","2026-06-17",8,"news",1,"2026-06-17",1,"2026-06-17",false,""
"lamine","2026-06-17",9,"wiki",1,"2026-06-17",1,"2026-06-17",false,""
"large","2026-06-17",7,"ars",1,"2026-06-17",1,"2026-06-17",false,""
"lately","2026-06-17",5,"devto",1,"2026-06-17",1,"2026-06-17",false,""
"launching","2026-06-17",8,"news",1,"2026-06-17",1,"2026-06-17",false,""
"laws","2026-06-17",0,"arxiv",1,"2026-06-17",1,"2026-06-17",false,""
"lawsuit","2026-06-17",7,"ars",1,"2026-06-17",1,"2026-06-17",false,""
"lawyers","2026-06-17",7,"ars",1,"2026-06-17",1,"2026-06-17",false,""
"layoffs","2026-06-17",8,"news",1,"2026-06-17",1,"2026-06-17",false,""
"layout","2026-06-17",0,"arxiv",1,"2026-06-17",1,"2026-06-17",false,""
"lc1","2026-06-17",8,"news",1,"2026-06-17",1,"2026-06-17",false,""
"leak","2026-06-17",8,"news",1,"2026-06-17",1,"2026-06-17",false,""
"learned","2026-06-17",8,"news",1,"2026-06-17",1,"2026-06-17",false,""
"leaving","2026-06-17",8,"news",1,"2026-06-17",1,"2026-06-17",false,""
"legal","2026-06-17",0,"arxiv",1,"2026-06-17",1,"2026-06-17",false,""
"legend","2026-06-17",8,"news",1,"2026-06-17",1,"2026-06-17",false,""
"let","2026-06-17",7,"ars",1,"2026-06-17",1,"2026-06-17",false,""
"letters","2026-06-17",5,"devto",1,"2026-06-17",1,"2026-06-17",false,""
"libc","2026-06-17",2,"crates",1,"2026-06-17",1,"2026-06-17",false,""
"library","2026-06-17",3,"lobsters",1,"2026-06-17",1,"2026-06-17",false,""
"licensed","2026-06-17",8,"news",1,"2026-06-17",1,"2026-06-17",false,""
"light","2026-06-17",8,"news",1,"2026-06-17",1,"2026-06-17",false,""
"lightbulb","2026-06-17",3,"lobsters",1,"2026-06-17",1,"2026-06-17",false,""
"limits","2026-06-17",0,"arxiv",1,"2026-06-17",1,"2026-06-17",false,""
"limonene","2026-06-17",9,"wiki",1,"2026-06-17",1,"2026-06-17",false,""
"linear","2026-06-17",0,"arxiv",1,"2026-06-17",1,"2026-06-17",false,""
"linkedin","2026-06-17",3,"lobsters",1,"2026-06-17",1,"2026-06-17",false,""
"lionel","2026-06-17",9,"wiki",1,"2026-06-17",1,"2026-06-17",false,""
"literature","2026-06-17",4,"hn",1,"2026-06-17",1,"2026-06-17",false,""
"livestream","2026-06-17",8,"news",1,"2026-06-17",1,"2026-06-17",false,""
"llms","2026-06-17",0,"arxiv",1,"2026-06-17",1,"2026-06-17",false,""
"lobsters","2026-06-17",3,"lobsters",1,"2026-06-17",1,"2026-06-17",false,""
"locals","2026-06-17",3,"lobsters",1,"2026-06-17",1,"2026-06-17",false,""
"logarithmic","2026-06-17",0,"arxiv",1,"2026-06-17",1,"2026-06-17",false,""
"logs","2026-06-17",0,"arxiv",1,"2026-06-17",1,"2026-06-17",false,""
"loom","2026-06-17",8,"news",1,"2026-06-17",1,"2026-06-17",false,""
"looming","2026-06-17",8,"news",1,"2026-06-17",1,"2026-06-17",false,""
"loses","2026-06-17",8,"news",1,"2026-06-17",1,"2026-06-17",false,""
"losing","2026-06-17",7,"ars",1,"2026-06-17",1,"2026-06-17",false,""
"loss","2026-06-17",4,"hn",1,"2026-06-17",1,"2026-06-17",false,""
"lot","2026-06-17",8,"news",1,"2026-06-17",1,"2026-06-17",false,""
"loud","2026-06-17",4,"hn",1,"2026-06-17",1,"2026-06-17",false,""
"lucas","2026-06-17",9,"wiki",1,"2026-06-17",1,"2026-06-17",false,""
"lukaku","2026-06-17",9,"wiki",1,"2026-06-17",1,"2026-06-17",false,""
"luna","2026-06-17",8,"news",1,"2026-06-17",1,"2026-06-17",false,""
"m6200","2026-06-17",8,"news",1,"2026-06-17",1,"2026-06-17",false,""
"m7200","2026-06-17",8,"news",1,"2026-06-17",1,"2026-06-17",false,""
"machine","2026-06-17",8,"news",1,"2026-06-17",1,"2026-06-17",false,""
"macs","2026-06-17",8,"news",1,"2026-06-17",1,"2026-06-17",false,""
"madness","2026-06-17",5,"devto",1,"2026-06-17",1,"2026-06-17",false,""
"magic","2026-06-17",4,"hn",1,"2026-06-17",1,"2026-06-17",false,""
"maker","2026-06-17",8,"news",1,"2026-06-17",1,"2026-06-17",false,""
"makes","2026-06-17",8,"news",1,"2026-06-17",1,"2026-06-17",false,""
"mandated","2026-06-17",7,"ars",1,"2026-06-17",1,"2026-06-17",false,""
"map","2026-06-17",8,"news",1,"2026-06-17",1,"2026-06-17",false,""
"marathon","2026-06-17",8,"news",1,"2026-06-17",1,"2026-06-17",false,""
"marc","2026-06-17",9,"wiki",1,"2026-06-17",1,"2026-06-17",false,""
"mark","2026-06-17",3,"lobsters",1,"2026-06-17",1,"2026-06-17",false,""
"market","2026-06-17",7,"ars",1,"2026-06-17",1,"2026-06-17",false,""
"markovian","2026-06-17",0,"arxiv",1,"2026-06-17",1,"2026-06-17",false,""
"martinez","2026-06-17",9,"wiki",1,"2026-06-17",1,"2026-06-17",false,""
"mass","2026-06-17",8,"news",1,"2026-06-17",1,"2026-06-17",false,""
"mathematica","2026-06-17",4,"hn",1,"2026-06-17",1,"2026-06-17",false,""
"maybe","2026-06-17",8,"news",1,"2026-06-17",1,"2026-06-17",false,""
"mbappé","2026-06-17",9,"wiki",1,"2026-06-17",1,"2026-06-17",false,""
"measurement","2026-06-17",0,"arxiv",1,"2026-06-17",1,"2026-06-17",false,""
"measuring","2026-06-17",0,"arxiv",1,"2026-06-17",1,"2026-06-17",false,""
"meccha","2026-06-17",8,"news",1,"2026-06-17",1,"2026-06-17",false,""
"medical","2026-06-17",0,"arxiv",1,"2026-06-17",1,"2026-06-17",false,""
"meets","2026-06-17",8,"news",1,"2026-06-17",1,"2026-06-17",false,""
"melanie","2026-06-17",9,"wiki",1,"2026-06-17",1,"2026-06-17",false,""
"memberships","2026-06-17",8,"news",1,"2026-06-17",1,"2026-06-17",false,""
"mendy","2026-06-17",9,"wiki",1,"2026-06-17",1,"2026-06-17",false,""
"messages","2026-06-17",5,"devto",1,"2026-06-17",1,"2026-06-17",false,""
"messi","2026-06-17",9,"wiki",1,"2026-06-17",1,"2026-06-17",false,""
"methods","2026-06-17",4,"hn",1,"2026-06-17",1,"2026-06-17",false,""
"michael","2026-06-17",9,"wiki",1,"2026-06-17",1,"2026-06-17",false,""
"mid","2026-06-17",9,"wiki",1,"2026-06-17",1,"2026-06-17",false,""
"midsommer","2026-06-17",5,"devto",1,"2026-06-17",1,"2026-06-17",false,""
"minecraft","2026-06-17",8,"news",1,"2026-06-17",1,"2026-06-17",false,""
"minicomputer","2026-06-17",4,"hn",1,"2026-06-17",1,"2026-06-17",false,""
"minutes","2026-06-17",8,"news",1,"2026-06-17",1,"2026-06-17",false,""
"mission","2026-06-17",7,"ars",1,"2026-06-17",1,"2026-06-17",false,""
"missions","2026-06-17",8,"news",1,"2026-06-17",1,"2026-06-17",false,""
"mistakes","2026-06-17",8,"news",1,"2026-06-17",1,"2026-06-17",false,""
"mobile","2026-06-17",8,"news",1,"2026-06-17",1,"2026-06-17",false,""
"mobileye","2026-06-17",7,"ars",1,"2026-06-17",1,"2026-06-17",false,""
"mode","2026-06-17",8,"news",1,"2026-06-17",1,"2026-06-17",false,""
"module","2026-06-17",4,"hn",1,"2026-06-17",1,"2026-06-17",false,""
"most","2026-06-17",4,"hn",1,"2026-06-17",1,"2026-06-17",false,""
"multiplayer","2026-06-17",8,"news",1,"2026-06-17",1,"2026-06-17",false,""
"multitudes","2026-06-17",3,"lobsters",1,"2026-06-17",1,"2026-06-17",false,""
"murder","2026-06-17",9,"wiki",1,"2026-06-17",1,"2026-06-17",false,""
"nas","2026-06-17",4,"hn",1,"2026-06-17",1,"2026-06-17",false,""
"navigation","2026-06-17",0,"arxiv",1,"2026-06-17",1,"2026-06-17",false,""
"neatsville","2026-06-17",9,"wiki",1,"2026-06-17",1,"2026-06-17",false,""
"needs","2026-06-17",5,"devto",1,"2026-06-17",1,"2026-06-17",false,""
"neo","2026-06-17",5,"devto",1,"2026-06-17",1,"2026-06-17",false,""
"nerdy","2026-06-17",5,"devto",1,"2026-06-17",1,"2026-06-17",false,""
"net","2026-06-17",5,"devto",1,"2026-06-17",1,"2026-06-17",false,""
"netherlands","2026-06-17",4,"hn",1,"2026-06-17",1,"2026-06-17",false,""
"netnewswire","2026-06-17",3,"lobsters",1,"2026-06-17",1,"2026-06-17",false,""
"neural","2026-06-17",0,"arxiv",1,"2026-06-17",1,"2026-06-17",false,""
"neurosymbolic","2026-06-17",0,"arxiv",1,"2026-06-17",1,"2026-06-17",false,""
"newest","2026-06-17",7,"ars",1,"2026-06-17",1,"2026-06-17",false,""
"nipkow","2026-06-17",4,"hn",1,"2026-06-17",1,"2026-06-17",false,""
"nlnet","2026-06-17",4,"hn",1,"2026-06-17",1,"2026-06-17",false,""
"noctua","2026-06-17",8,"news",1,"2026-06-17",1,"2026-06-17",false,""
"nod","2026-06-17",8,"news",1,"2026-06-17",1,"2026-06-17",false,""
"nonfiction","2026-06-17",4,"hn",1,"2026-06-17",1,"2026-06-17",false,""
"nonlinear","2026-06-17",0,"arxiv",1,"2026-06-17",1,"2026-06-17",false,""
"notes","2026-06-17",8,"news",1,"2026-06-17",1,"2026-06-17",false,""
"nothing","2026-06-17",8,"news",1,"2026-06-17",1,"2026-06-17",false,""
"november","2026-06-17",8,"news",1,"2026-06-17",1,"2026-06-17",false,""
"nvidia","2026-06-17",7,"ars",1,"2026-06-17",1,"2026-06-17",false,""
"não","2026-06-17",5,"devto",1,"2026-06-17",1,"2026-06-17",false,""
"object","2026-06-17",0,"arxiv",1,"2026-06-17",1,"2026-06-17",false,""
"observations","2026-06-17",0,"arxiv",1,"2026-06-17",1,"2026-06-17",false,""
"obsession","2026-06-17",9,"wiki",1,"2026-06-17",1,"2026-06-17",false,""
"ocarina","2026-06-17",8,"news",1,"2026-06-17",1,"2026-06-17",false,""
"officially","2026-06-17",8,"news",1,"2026-06-17",1,"2026-06-17",false,""
"old","2026-06-17",5,"devto",1,"2026-06-17",1,"2026-06-17",false,""
"oled","2026-06-17",8,"news",1,"2026-06-17",1,"2026-06-17",false,""
"olise","2026-06-17",9,"wiki",1,"2026-06-17",1,"2026-06-17",false,""
"oliver","2026-06-17",9,"wiki",1,"2026-06-17",1,"2026-06-17",false,""
"online","2026-06-17",8,"news",1,"2026-06-17",1,"2026-06-17",false,""
"openbmb","2026-06-17",1,"github",1,"2026-06-17",1,"2026-06-17",false,""
"openwa","2026-06-17",1,"github",1,"2026-06-17",1,"2026-06-17",false,""
"opportunity","2026-06-17",5,"devto",1,"2026-06-17",1,"2026-06-17",false,""
"opus","2026-06-17",0,"arxiv",1,"2026-06-17",1,"2026-06-17",false,""
"oracle","2026-06-17",0,"arxiv",1,"2026-06-17",1,"2026-06-17",false,""
"organization","2026-06-17",4,"hn",1,"2026-06-17",1,"2026-06-17",false,""
"organização","2026-06-17",5,"devto",1,"2026-06-17",1,"2026-06-17",false,""
"otherwise","2026-06-17",5,"devto",1,"2026-06-17",1,"2026-06-17",false,""
"outperform","2026-06-17",0,"arxiv",1,"2026-06-17",1,"2026-06-17",false,""
"output","2026-06-17",7,"ars",1,"2026-06-17",1,"2026-06-17",false,""
"overhaul","2026-06-17",8,"news",1,"2026-06-17",1,"2026-06-17",false,""
"overnight","2026-06-17",7,"ars",1,"2026-06-17",1,"2026-06-17",false,""
"own","2026-06-17",8,"news",1,"2026-06-17",1,"2026-06-17",false,""
"oxygen","2026-06-17",3,"lobsters",1,"2026-06-17",1,"2026-06-17",false,""
"pack","2026-06-17",8,"news",1,"2026-06-17",1,"2026-06-17",false,""
"packs","2026-06-17",8,"news",1,"2026-06-17",1,"2026-06-17",false,""
"paint","2026-06-17",8,"news",1,"2026-06-17",1,"2026-06-17",false,""
"para","2026-06-17",5,"devto",1,"2026-06-17",1,"2026-06-17",false,""
"paramount","2026-06-17",7,"ars",1,"2026-06-17",1,"2026-06-17",false,""
"patented","2026-06-17",8,"news",1,"2026-06-17",1,"2026-06-17",false,""
"pauses","2026-06-17",7,"ars",1,"2026-06-17",1,"2026-06-17",false,""
"pdes","2026-06-17",0,"arxiv",1,"2026-06-17",1,"2026-06-17",false,""
"pdp","2026-06-17",4,"hn",1,"2026-06-17",1,"2026-06-17",false,""
"peak","2026-06-17",0,"arxiv",1,"2026-06-17",1,"2026-06-17",false,""
"pentagon","2026-06-17",7,"ars",1,"2026-06-17",1,"2026-06-17",false,""
"pereira","2026-06-17",9,"wiki",1,"2026-06-17",1,"2026-06-17",false,""
"perfection","2026-06-17",8,"news",1,"2026-06-17",1,"2026-06-17",false,""
"performance","2026-06-17",8,"news",1,"2026-06-17",1,"2026-06-17",false,""
"perlin","2026-06-17",4,"hn",1,"2026-06-17",1,"2026-06-17",false,""
"persona","2026-06-17",8,"news",1,"2026-06-17",1,"2026-06-17",false,""
"personal","2026-06-17",0,"arxiv",1,"2026-06-17",1,"2026-06-17",false,""
"personalized","2026-06-17",0,"arxiv",1,"2026-06-17",1,"2026-06-17",false,""
"physical","2026-06-17",4,"hn",1,"2026-06-17",1,"2026-06-17",false,""
"physics","2026-06-17",0,"arxiv",1,"2026-06-17",1,"2026-06-17",false,""
"pictorial","2026-06-17",4,"hn",1,"2026-06-17",1,"2026-06-17",false,""
"pieces","2026-06-17",7,"ars",1,"2026-06-17",1,"2026-06-17",false,""
"pipeline","2026-06-17",5,"devto",1,"2026-06-17",1,"2026-06-17",false,""
"piper","2026-06-17",8,"news",1,"2026-06-17",1,"2026-06-17",false,""
"planning","2026-06-17",8,"news",1,"2026-06-17",1,"2026-06-17",false,""
"plans","2026-06-17",8,"news",1,"2026-06-17",1,"2026-06-17",false,""
"plasma","2026-06-17",3,"lobsters",1,"2026-06-17",1,"2026-06-17",false,""
"platform","2026-06-17",7,"ars",1,"2026-06-17",1,"2026-06-17",false,""
"players","2026-06-17",8,"news",1,"2026-06-17",1,"2026-06-17",false,""
"point","2026-06-17",0,"arxiv",1,"2026-06-17",1,"2026-06-17",false,""
"pokémon","2026-06-17",8,"news",1,"2026-06-17",1,"2026-06-17",false,""
"policies","2026-06-17",0,"arxiv",1,"2026-06-17",1,"2026-06-17",false,""
"poll","2026-06-17",8,"news",1,"2026-06-17",1,"2026-06-17",false,""
"pomodoro","2026-06-17",5,"devto",1,"2026-06-17",1,"2026-06-17",false,""
"popsockets","2026-06-17",8,"news",1,"2026-06-17",1,"2026-06-17",false,""
"popular","2026-06-17",3,"lobsters",1,"2026-06-17",1,"2026-06-17",false,""
"portability","2026-06-17",8,"news",1,"2026-06-17",1,"2026-06-17",false,""
"ported","2026-06-17",4,"hn",1,"2026-06-17",1,"2026-06-17",false,""
"possibly","2026-06-17",5,"devto",1,"2026-06-17",1,"2026-06-17",false,""
"post","2026-06-17",8,"news",1,"2026-06-17",1,"2026-06-17",false,""
"powered","2026-06-17",5,"devto",1,"2026-06-17",1,"2026-06-17",false,""
"prediction","2026-06-17",0,"arxiv",1,"2026-06-17",1,"2026-06-17",false,""
"preening","2026-06-17",8,"news",1,"2026-06-17",1,"2026-06-17",false,""
"preflection","2026-06-17",0,"arxiv",1,"2026-06-17",1,"2026-06-17",false,""
"premium","2026-06-17",8,"news",1,"2026-06-17",1,"2026-06-17",false,""
"pretraining","2026-06-17",0,"arxiv",1,"2026-06-17",1,"2026-06-17",false,""
"preview","2026-06-17",8,"news",1,"2026-06-17",1,"2026-06-17",false,""
"price","2026-06-17",4,"hn",1,"2026-06-17",1,"2026-06-17",false,""
"pricing","2026-06-17",0,"arxiv",1,"2026-06-17",1,"2026-06-17",false,""
"prime","2026-06-17",8,"news",1,"2026-06-17",1,"2026-06-17",false,""
"prince","2026-06-17",8,"news",1,"2026-06-17",1,"2026-06-17",false,""
"proactive","2026-06-17",0,"arxiv",1,"2026-06-17",1,"2026-06-17",false,""
"products","2026-06-17",8,"news",1,"2026-06-17",1,"2026-06-17",false,""
"profiles","2026-06-17",8,"news",1,"2026-06-17",1,"2026-06-17",false,""
"programming","2026-06-17",4,"hn",1,"2026-06-17",1,"2026-06-17",false,""
"project","2026-06-17",1,"github",1,"2026-06-17",1,"2026-06-17",false,""
"projects","2026-06-17",4,"hn",1,"2026-06-17",1,"2026-06-17",false,""
"promptly","2026-06-17",8,"news",1,"2026-06-17",1,"2026-06-17",false,""
"property","2026-06-17",0,"arxiv",1,"2026-06-17",1,"2026-06-17",false,""
"protection","2026-06-17",7,"ars",1,"2026-06-17",1,"2026-06-17",false,""
"proved","2026-06-17",5,"devto",1,"2026-06-17",1,"2026-06-17",false,""
"provides","2026-06-17",8,"news",1,"2026-06-17",1,"2026-06-17",false,""
"psa","2026-06-17",8,"news",1,"2026-06-17",1,"2026-06-17",false,""
"put","2026-06-17",8,"news",1,"2026-06-17",1,"2026-06-17",false,""
"qualcomm","2026-06-17",8,"news",1,"2026-06-17",1,"2026-06-17",false,""
"quando","2026-06-17",5,"devto",1,"2026-06-17",1,"2026-06-17",false,""
"quasilinearization","2026-06-17",0,"arxiv",1,"2026-06-17",1,"2026-06-17",false,""
"queue","2026-06-17",0,"arxiv",1,"2026-06-17",1,"2026-06-17",false,""
"quite","2026-06-17",8,"news",1,"2026-06-17",1,"2026-06-17",false,""
"qwen","2026-06-17",4,"hn",1,"2026-06-17",1,"2026-06-17",false,""
"race","2026-06-17",4,"hn",1,"2026-06-17",1,"2026-06-17",false,""
"radar","2026-06-17",5,"devto",1,"2026-06-17",1,"2026-06-17",false,""
"raid","2026-06-17",8,"news",1,"2026-06-17",1,"2026-06-17",false,""
"raise","2026-06-17",7,"ars",1,"2026-06-17",1,"2026-06-17",false,""
"range","2026-06-17",8,"news",1,"2026-06-17",1,"2026-06-17",false,""
"rank","2026-06-17",0,"arxiv",1,"2026-06-17",1,"2026-06-17",false,""
"ranking","2026-06-17",9,"wiki",1,"2026-06-17",1,"2026-06-17",false,""
"rated","2026-06-17",9,"wiki",1,"2026-06-17",1,"2026-06-17",false,""
"reaching","2026-06-17",8,"news",1,"2026-06-17",1,"2026-06-17",false,""
"react","2026-06-17",3,"lobsters",1,"2026-06-17",1,"2026-06-17",false,""
"reader","2026-06-17",7,"ars",1,"2026-06-17",1,"2026-06-17",false,""
"reagan","2026-06-17",9,"wiki",1,"2026-06-17",1,"2026-06-17",false,""
"reage3d","2026-06-17",0,"arxiv",1,"2026-06-17",1,"2026-06-17",false,""
"real","2026-06-17",8,"news",1,"2026-06-17",1,"2026-06-17",false,""
"realista","2026-06-17",5,"devto",1,"2026-06-17",1,"2026-06-17",false,""
"reason","2026-06-17",8,"news",1,"2026-06-17",1,"2026-06-17",false,""
"reasoners","2026-06-17",0,"arxiv",1,"2026-06-17",1,"2026-06-17",false,""
"reconsiders","2026-06-17",8,"news",1,"2026-06-17",1,"2026-06-17",false,""
"reconstructing","2026-06-17",0,"arxiv",1,"2026-06-17",1,"2026-06-17",false,""
"records","2026-06-17",8,"news",1,"2026-06-17",1,"2026-06-17",false,""
"reduces","2026-06-17",8,"news",1,"2026-06-17",1,"2026-06-17",false,""
"regression","2026-06-17",0,"arxiv",1,"2026-06-17",1,"2026-06-17",false,""
"reinforcement","2026-06-17",0,"arxiv",1,"2026-06-17",1,"2026-06-17",false,""
"rejoice","2026-06-17",8,"news",1,"2026-06-17",1,"2026-06-17",false,""
"release","2026-06-17",8,"news",1,"2026-06-17",1,"2026-06-17",false,""
"released","2026-06-17",3,"lobsters",1,"2026-06-17",1,"2026-06-17",false,""
"releases","2026-06-17",8,"news",1,"2026-06-17",1,"2026-06-17",false,""
"remains","2026-06-17",7,"ars",1,"2026-06-17",1,"2026-06-17",false,""
"remake","2026-06-17",8,"news",1,"2026-06-17",1,"2026-06-17",false,""
"rendering","2026-06-17",3,"lobsters",1,"2026-06-17",1,"2026-06-17",false,""
"renown","2026-06-17",8,"news",1,"2026-06-17",1,"2026-06-17",false,""
"replaces","2026-06-17",8,"news",1,"2026-06-17",1,"2026-06-17",false,""
"replaying","2026-06-17",8,"news",1,"2026-06-17",1,"2026-06-17",false,""
"replicability","2026-06-17",0,"arxiv",1,"2026-06-17",1,"2026-06-17",false,""
"report","2026-06-17",7,"ars",1,"2026-06-17",1,"2026-06-17",false,""
"repository","2026-06-17",0,"arxiv",1,"2026-06-17",1,"2026-06-17",false,""
"reproducibility","2026-06-17",0,"arxiv",1,"2026-06-17",1,"2026-06-17",false,""
"reprorepo","2026-06-17",0,"arxiv",1,"2026-06-17",1,"2026-06-17",false,""
"requirements","2026-06-17",8,"news",1,"2026-06-17",1,"2026-06-17",false,""
"research","2026-06-17",0,"arxiv",1,"2026-06-17",1,"2026-06-17",false,""
"resolution","2026-06-17",0,"arxiv",1,"2026-06-17",1,"2026-06-17",false,""
"resonance","2026-06-17",8,"news",1,"2026-06-17",1,"2026-06-17",false,""
"responsive","2026-06-17",8,"news",1,"2026-06-17",1,"2026-06-17",false,""
"resurrecting","2026-06-17",8,"news",1,"2026-06-17",1,"2026-06-17",false,""
"rethinking","2026-06-17",0,"arxiv",1,"2026-06-17",1,"2026-06-17",false,""
"retro","2026-06-17",5,"devto",1,"2026-06-17",1,"2026-06-17",false,""
"reutilization","2026-06-17",0,"arxiv",1,"2026-06-17",1,"2026-06-17",false,""
"reveal","2026-06-17",8,"news",1,"2026-06-17",1,"2026-06-17",false,""
"reveals","2026-06-17",8,"news",1,"2026-06-17",1,"2026-06-17",false,""
"revelation","2026-06-17",8,"news",1,"2026-06-17",1,"2026-06-17",false,""
"revival","2026-06-17",8,"news",1,"2026-06-17",1,"2026-06-17",false,""
"rfc","2026-06-17",3,"lobsters",1,"2026-06-17",1,"2026-06-17",false,""
"rick","2026-06-17",9,"wiki",1,"2026-06-17",1,"2026-06-17",false,""
"rio","2026-06-17",9,"wiki",1,"2026-06-17",1,"2026-06-17",false,""
"rituals","2026-06-17",5,"devto",1,"2026-06-17",1,"2026-06-17",false,""
"rivalry","2026-06-17",7,"ars",1,"2026-06-17",1,"2026-06-17",false,""
"rmyndharis","2026-06-17",1,"github",1,"2026-06-17",1,"2026-06-17",false,""
"robot","2026-06-17",4,"hn",1,"2026-06-17",1,"2026-06-17",false,""
"robotaxi","2026-06-17",7,"ars",1,"2026-06-17",1,"2026-06-17",false,""
"robust","2026-06-17",0,"arxiv",1,"2026-06-17",1,"2026-06-17",false,""
"rocket","2026-06-17",7,"ars",1,"2026-06-17",1,"2026-06-17",false,""
"rockets","2026-06-17",7,"ars",1,"2026-06-17",1,"2026-06-17",false,""
"rod","2026-06-17",9,"wiki",1,"2026-06-17",1,"2026-06-17",false,""
"roll","2026-06-17",9,"wiki",1,"2026-06-17",1,"2026-06-17",false,""
"rolling","2026-06-17",8,"news",1,"2026-06-17",1,"2026-06-17",false,""
"rolls","2026-06-17",8,"news",1,"2026-06-17",1,"2026-06-17",false,""
"romelu","2026-06-17",9,"wiki",1,"2026-06-17",1,"2026-06-17",false,""
"ronaldo","2026-06-17",9,"wiki",1,"2026-06-17",1,"2026-06-17",false,""
"roundabout","2026-06-17",4,"hn",1,"2026-06-17",1,"2026-06-17",false,""
"rubricstree","2026-06-17",0,"arxiv",1,"2026-06-17",1,"2026-06-17",false,""
"ruination","2026-06-17",8,"news",1,"2026-06-17",1,"2026-06-17",false,""
"s27","2026-06-17",8,"news",1,"2026-06-17",1,"2026-06-17",false,""
"s95h","2026-06-17",8,"news",1,"2026-06-17",1,"2026-06-17",false,""
"safe","2026-06-17",4,"hn",1,"2026-06-17",1,"2026-06-17",false,""
"safety","2026-06-17",3,"lobsters",1,"2026-06-17",1,"2026-06-17",false,""
"sales","2026-06-17",8,"news",1,"2026-06-17",1,"2026-06-17",false,""
"sandisk","2026-06-17",8,"news",1,"2026-06-17",1,"2026-06-17",false,""
"sandler","2026-06-17",8,"news",1,"2026-06-17",1,"2026-06-17",false,""
"sanjay","2026-06-17",9,"wiki",1,"2026-06-17",1,"2026-06-17",false,""
"saved","2026-06-17",5,"devto",1,"2026-06-17",1,"2026-06-17",false,""
"saves","2026-06-17",5,"devto",1,"2026-06-17",1,"2026-06-17",false,""
"scam","2026-06-17",8,"news",1,"2026-06-17",1,"2026-06-17",false,""
"scented","2026-06-17",3,"lobsters",1,"2026-06-17",1,"2026-06-17",false,""
"scholars","2026-06-17",5,"devto",1,"2026-06-17",1,"2026-06-17",false,""
"schuyler","2026-06-17",4,"hn",1,"2026-06-17",1,"2026-06-17",false,""
"scratch","2026-06-17",3,"lobsters",1,"2026-06-17",1,"2026-06-17",false,""
"screwed","2026-06-17",8,"news",1,"2026-06-17",1,"2026-06-17",false,""
"scrubbed","2026-06-17",7,"ars",1,"2026-06-17",1,"2026-06-17",false,""
"scurry","2026-06-17",7,"ars",1,"2026-06-17",1,"2026-06-17",false,""
"sdk","2026-06-17",7,"ars",1,"2026-06-17",1,"2026-06-17",false,""
"seafood","2026-06-17",0,"arxiv",1,"2026-06-17",1,"2026-06-17",false,""
"search","2026-06-17",8,"news",1,"2026-06-17",1,"2026-06-17",false,""
"season","2026-06-17",8,"news",1,"2026-06-17",1,"2026-06-17",false,""
"seattle","2026-06-17",4,"hn",1,"2026-06-17",1,"2026-06-17",false,""
"seconds","2026-06-17",8,"news",1,"2026-06-17",1,"2026-06-17",false,""
"secretly","2026-06-17",8,"news",1,"2026-06-17",1,"2026-06-17",false,""
"security","2026-06-17",8,"news",1,"2026-06-17",1,"2026-06-17",false,""
"see","2026-06-17",3,"lobsters",1,"2026-06-17",1,"2026-06-17",false,""
"seek","2026-06-17",8,"news",1,"2026-06-17",1,"2026-06-17",false,""
"seeks","2026-06-17",7,"ars",1,"2026-06-17",1,"2026-06-17",false,""
"sega","2026-06-17",8,"news",1,"2026-06-17",1,"2026-06-17",false,""
"senior","2026-06-17",5,"devto",1,"2026-06-17",1,"2026-06-17",false,""
"separations","2026-06-17",0,"arxiv",1,"2026-06-17",1,"2026-06-17",false,""
"september","2026-06-17",8,"news",1,"2026-06-17",1,"2026-06-17",false,""
"server","2026-06-17",1,"github",1,"2026-06-17",1,"2026-06-17",false,""
"servers","2026-06-17",4,"hn",1,"2026-06-17",1,"2026-06-17",false,""
"service","2026-06-17",7,"ars",1,"2026-06-17",1,"2026-06-17",false,""
"sets","2026-06-17",0,"arxiv",1,"2026-06-17",1,"2026-06-17",false,""
"sfp","2026-06-17",4,"hn",1,"2026-06-17",1,"2026-06-17",false,""
"shadows","2026-06-17",8,"news",1,"2026-06-17",1,"2026-06-17",false,""
"sharma","2026-06-17",8,"news",1,"2026-06-17",1,"2026-06-17",false,""
"shatter","2026-06-17",8,"news",1,"2026-06-17",1,"2026-06-17",false,""
"she","2026-06-17",8,"news",1,"2026-06-17",1,"2026-06-17",false,""
"shimano","2026-06-17",8,"news",1,"2026-06-17",1,"2026-06-17",false,""
"shot","2026-06-17",0,"arxiv",1,"2026-06-17",1,"2026-06-17",false,""
"shots","2026-06-17",7,"ars",1,"2026-06-17",1,"2026-06-17",false,""
"shut","2026-06-17",8,"news",1,"2026-06-17",1,"2026-06-17",false,""
"shuttered","2026-06-17",8,"news",1,"2026-06-17",1,"2026-06-17",false,""
"signal","2026-06-17",8,"news",1,"2026-06-17",1,"2026-06-17",false,""
"signals","2026-06-17",0,"arxiv",1,"2026-06-17",1,"2026-06-17",false,""
"signatures","2026-06-17",4,"hn",1,"2026-06-17",1,"2026-06-17",false,""
"simmons","2026-06-17",9,"wiki",1,"2026-06-17",1,"2026-06-17",false,""
"simplified","2026-06-17",5,"devto",1,"2026-06-17",1,"2026-06-17",false,""
"since","2026-06-17",7,"ars",1,"2026-06-17",1,"2026-06-17",false,""
"singer","2026-06-17",9,"wiki",1,"2026-06-17",1,"2026-06-17",false,""
"siri","2026-06-17",8,"news",1,"2026-06-17",1,"2026-06-17",false,""
"skills","2026-06-17",0,"arxiv",1,"2026-06-17",1,"2026-06-17",false,""
"skin","2026-06-17",8,"news",1,"2026-06-17",1,"2026-06-17",false,""
"skins","2026-06-17",8,"news",1,"2026-06-17",1,"2026-06-17",false,""
"slm","2026-06-17",0,"arxiv",1,"2026-06-17",1,"2026-06-17",false,""
"smoke","2026-06-17",0,"arxiv",1,"2026-06-17",1,"2026-06-17",false,""
"snap","2026-06-17",8,"news",1,"2026-06-17",1,"2026-06-17",false,""
"snapdragon","2026-06-17",8,"news",1,"2026-06-17",1,"2026-06-17",false,""
"soften","2026-06-17",8,"news",1,"2026-06-17",1,"2026-06-17",false,""
"software","2026-06-17",7,"ars",1,"2026-06-17",1,"2026-06-17",false,""
"solid","2026-06-17",5,"devto",1,"2026-06-17",1,"2026-06-17",false,""
"solving","2026-06-17",0,"arxiv",1,"2026-06-17",1,"2026-06-17",false,""
"sonic","2026-06-17",8,"news",1,"2026-06-17",1,"2026-06-17",false,""
"sony","2026-06-17",8,"news",1,"2026-06-17",1,"2026-06-17",false,""
"sovereign","2026-06-17",4,"hn",1,"2026-06-17",1,"2026-06-17",false,""
"space","2026-06-17",7,"ars",1,"2026-06-17",1,"2026-06-17",false,""
"spiegel","2026-06-17",8,"news",1,"2026-06-17",1,"2026-06-17",false,""
"sports","2026-06-17",8,"news",1,"2026-06-17",1,"2026-06-17",false,""
"ssd","2026-06-17",8,"news",1,"2026-06-17",1,"2026-06-17",false,""
"staal","2026-06-17",9,"wiki",1,"2026-06-17",1,"2026-06-17",false,""
"stable","2026-06-17",0,"arxiv",1,"2026-06-17",1,"2026-06-17",false,""
"standalone","2026-06-17",7,"ars",1,"2026-06-17",1,"2026-06-17",false,""
"stanford","2026-06-17",0,"arxiv",1,"2026-06-17",1,"2026-06-17",false,""
"starlink","2026-06-17",7,"ars",1,"2026-06-17",1,"2026-06-17",false,""
"starting","2026-06-17",8,"news",1,"2026-06-17",1,"2026-06-17",false,""
"status","2026-06-17",3,"lobsters",1,"2026-06-17",1,"2026-06-17",false,""
"steal","2026-06-17",7,"ars",1,"2026-06-17",1,"2026-06-17",false,""
"steam","2026-06-17",8,"news",1,"2026-06-17",1,"2026-06-17",false,""
"steering","2026-06-17",0,"arxiv",1,"2026-06-17",1,"2026-06-17",false,""
"step","2026-06-17",7,"ars",1,"2026-06-17",1,"2026-06-17",false,""
"steps","2026-06-17",8,"news",1,"2026-06-17",1,"2026-06-17",false,""
"stochastic","2026-06-17",0,"arxiv",1,"2026-06-17",1,"2026-06-17",false,""
"stolen","2026-06-17",8,"news",1,"2026-06-17",1,"2026-06-17",false,""
"stratofortress","2026-06-17",9,"wiki",1,"2026-06-17",1,"2026-06-17",false,""
"structure","2026-06-17",0,"arxiv",1,"2026-06-17",1,"2026-06-17",false,""
"studio","2026-06-17",8,"news",1,"2026-06-17",1,"2026-06-17",false,""
"styles","2026-06-17",5,"devto",1,"2026-06-17",1,"2026-06-17",false,""
"summaries","2026-06-17",8,"news",1,"2026-06-17",1,"2026-06-17",false,""
"summer","2026-06-17",3,"lobsters",1,"2026-06-17",1,"2026-06-17",false,""
"sunlight","2026-06-17",8,"news",1,"2026-06-17",1,"2026-06-17",false,""
"sunset","2026-06-17",5,"devto",1,"2026-06-17",1,"2026-06-17",false,""
"surefire","2026-06-17",8,"news",1,"2026-06-17",1,"2026-06-17",false,""
"surges","2026-06-17",7,"ars",1,"2026-06-17",1,"2026-06-17",false,""
"survey","2026-06-17",7,"ars",1,"2026-06-17",1,"2026-06-17",false,""
"suzuki","2026-06-17",9,"wiki",1,"2026-06-17",1,"2026-06-17",false,""
"switching","2026-06-17",4,"hn",1,"2026-06-17",1,"2026-06-17",false,""
"symbolic","2026-06-17",4,"hn",1,"2026-06-17",1,"2026-06-17",false,""
"syn","2026-06-17",2,"crates",1,"2026-06-17",1,"2026-06-17",false,""
"sys","2026-06-17",2,"crates",1,"2026-06-17",1,"2026-06-17",false,""
"tactics","2026-06-17",8,"news",1,"2026-06-17",1,"2026-06-17",false,""
"tailwind","2026-06-17",5,"devto",1,"2026-06-17",1,"2026-06-17",false,""
"takes","2026-06-17",8,"news",1,"2026-06-17",1,"2026-06-17",false,""
"talk","2026-06-17",4,"hn",1,"2026-06-17",1,"2026-06-17",false,""
"talking","2026-06-17",8,"news",1,"2026-06-17",1,"2026-06-17",false,""
"task","2026-06-17",3,"lobsters",1,"2026-06-17",1,"2026-06-17",false,""
"taught","2026-06-17",3,"lobsters",1,"2026-06-17",1,"2026-06-17",false,""
"tdah","2026-06-17",5,"devto",1,"2026-06-17",1,"2026-06-17",false,""
"technica","2026-06-17",7,"ars",1,"2026-06-17",1,"2026-06-17",false,""
"technique","2026-06-17",0,"arxiv",1,"2026-06-17",1,"2026-06-17",false,""
"temporal","2026-06-17",0,"arxiv",1,"2026-06-17",1,"2026-06-17",false,""
"terminal","2026-06-17",8,"news",1,"2026-06-17",1,"2026-06-17",false,""
"terminals","2026-06-17",3,"lobsters",1,"2026-06-17",1,"2026-06-17",false,""
"test","2026-06-17",0,"arxiv",1,"2026-06-17",1,"2026-06-17",false,""
"text","2026-06-17",3,"lobsters",1,"2026-06-17",1,"2026-06-17",false,""
"theme","2026-06-17",3,"lobsters",1,"2026-06-17",1,"2026-06-17",false,""
"themselves","2026-06-17",4,"hn",1,"2026-06-17",1,"2026-06-17",false,""
"then","2026-06-17",5,"devto",1,"2026-06-17",1,"2026-06-17",false,""
"thin","2026-06-17",8,"news",1,"2026-06-17",1,"2026-06-17",false,""
"think","2026-06-17",8,"news",1,"2026-06-17",1,"2026-06-17",false,""
"thinking","2026-06-17",8,"news",1,"2026-06-17",1,"2026-06-17",false,""
"those","2026-06-17",5,"devto",1,"2026-06-17",1,"2026-06-17",false,""
"thought","2026-06-17",5,"devto",1,"2026-06-17",1,"2026-06-17",false,""
"thousands","2026-06-17",7,"ars",1,"2026-06-17",1,"2026-06-17",false,""
"thresholds","2026-06-17",0,"arxiv",1,"2026-06-17",1,"2026-06-17",false,""
"tier","2026-06-17",8,"news",1,"2026-06-17",1,"2026-06-17",false,""
"til","2026-06-17",4,"hn",1,"2026-06-17",1,"2026-06-17",false,""
"topuria","2026-06-17",9,"wiki",1,"2026-06-17",1,"2026-06-17",false,""
"tour","2026-06-17",4,"hn",1,"2026-06-17",1,"2026-06-17",false,""
"toward","2026-06-17",8,"news",1,"2026-06-17",1,"2026-06-17",false,""
"towards","2026-06-17",0,"arxiv",1,"2026-06-17",1,"2026-06-17",false,""
"tracking","2026-06-17",0,"arxiv",1,"2026-06-17",1,"2026-06-17",false,""
"transformers","2026-06-17",0,"arxiv",1,"2026-06-17",1,"2026-06-17",false,""
"translator","2026-06-17",5,"devto",1,"2026-06-17",1,"2026-06-17",false,""
"travel","2026-06-17",0,"arxiv",1,"2026-06-17",1,"2026-06-17",false,""
"traveling","2026-06-17",8,"news",1,"2026-06-17",1,"2026-06-17",false,""
"treasure","2026-06-17",5,"devto",1,"2026-06-17",1,"2026-06-17",false,""
"tree","2026-06-17",9,"wiki",1,"2026-06-17",1,"2026-06-17",false,""
"tries","2026-06-17",7,"ars",1,"2026-06-17",1,"2026-06-17",false,""
"trust","2026-06-17",8,"news",1,"2026-06-17",1,"2026-06-17",false,""
"trying","2026-06-17",8,"news",1,"2026-06-17",1,"2026-06-17",false,""
"tube","2026-06-17",8,"news",1,"2026-06-17",1,"2026-06-17",false,""
"turbines","2026-06-17",7,"ars",1,"2026-06-17",1,"2026-06-17",false,""
"turning","2026-06-17",5,"devto",1,"2026-06-17",1,"2026-06-17",false,""
"twenty","2026-06-17",5,"devto",1,"2026-06-17",1,"2026-06-17",false,""
"twins","2026-06-17",0,"arxiv",1,"2026-06-17",1,"2026-06-17",false,""
"typography","2026-06-17",4,"hn",1,"2026-06-17",1,"2026-06-17",false,""
"typst","2026-06-17",3,"lobsters",1,"2026-06-17",1,"2026-06-17",false,""
"ufc","2026-06-17",9,"wiki",1,"2026-06-17",1,"2026-06-17",false,""
"unable","2026-06-17",8,"news",1,"2026-06-17",1,"2026-06-17",false,""
"understanding","2026-06-17",0,"arxiv",1,"2026-06-17",1,"2026-06-17",false,""
"units","2026-06-17",8,"news",1,"2026-06-17",1,"2026-06-17",false,""
"unregulated","2026-06-17",0,"arxiv",1,"2026-06-17",1,"2026-06-17",false,""
"unreported","2026-06-17",0,"arxiv",1,"2026-06-17",1,"2026-06-17",false,""
"unveils","2026-06-17",8,"news",1,"2026-06-17",1,"2026-06-17",false,""
"upgraded","2026-06-17",8,"news",1,"2026-06-17",1,"2026-06-17",false,""
"useless","2026-06-17",4,"hn",1,"2026-06-17",1,"2026-06-17",false,""
"users","2026-06-17",7,"ars",1,"2026-06-17",1,"2026-06-17",false,""
"valet","2026-06-17",3,"lobsters",1,"2026-06-17",1,"2026-06-17",false,""
"verification","2026-06-17",0,"arxiv",1,"2026-06-17",1,"2026-06-17",false,""
"version","2026-06-17",4,"hn",1,"2026-06-17",1,"2026-06-17",false,""
"very","2026-06-17",8,"news",1,"2026-06-17",1,"2026-06-17",false,""
"veteran","2026-06-17",8,"news",1,"2026-06-17",1,"2026-06-17",false,""
"vibe","2026-06-17",5,"devto",1,"2026-06-17",1,"2026-06-17",false,""
"video","2026-06-17",9,"news;wiki",1,"2026-06-17",1,"2026-06-17",false,""
"view","2026-06-17",0,"arxiv",1,"2026-06-17",1,"2026-06-17",false,""
"vignale","2026-06-17",9,"wiki",1,"2026-06-17",1,"2026-06-17",false,""
"villagers","2026-06-17",4,"hn",1,"2026-06-17",1,"2026-06-17",false,""
"viral","2026-06-17",8,"news",1,"2026-06-17",1,"2026-06-17",false,""
"virtual","2026-06-17",5,"devto",1,"2026-06-17",1,"2026-06-17",false,""
"visual","2026-06-17",0,"arxiv",1,"2026-06-17",1,"2026-06-17",false,""
"vmware","2026-06-17",7,"ars",1,"2026-06-17",1,"2026-06-17",false,""
"voicedraw","2026-06-17",4,"hn",1,"2026-06-17",1,"2026-06-17",false,""
"volumetric","2026-06-17",0,"arxiv",1,"2026-06-17",1,"2026-06-17",false,""
"voxcpm","2026-06-17",1,"github",1,"2026-06-17",1,"2026-06-17",false,""
"vozinha","2026-06-17",9,"wiki",1,"2026-06-17",1,"2026-06-17",false,""
"vulnerability","2026-06-17",7,"ars",1,"2026-06-17",1,"2026-06-17",false,""
"walk","2026-06-17",4,"hn",1,"2026-06-17",1,"2026-06-17",false,""
"wallet","2026-06-17",8,"news",1,"2026-06-17",1,"2026-06-17",false,""
"wanted","2026-06-17",8,"news",1,"2026-06-17",1,"2026-06-17",false,""
"wants","2026-06-17",8,"news",1,"2026-06-17",1,"2026-06-17",false,""
"war","2026-06-17",8,"news",1,"2026-06-17",1,"2026-06-17",false,""
"warn","2026-06-17",8,"news",1,"2026-06-17",1,"2026-06-17",false,""
"warner","2026-06-17",7,"ars",1,"2026-06-17",1,"2026-06-17",false,""
"wasting","2026-06-17",0,"arxiv",1,"2026-06-17",1,"2026-06-17",false,""
"ways","2026-06-17",3,"lobsters",1,"2026-06-17",1,"2026-06-17",false,""
"wear","2026-06-17",8,"news",1,"2026-06-17",1,"2026-06-17",false,""
"wearable","2026-06-17",0,"arxiv",1,"2026-06-17",1,"2026-06-17",false,""
"weeks","2026-06-17",8,"news",1,"2026-06-17",1,"2026-06-17",false,""
"welfare","2026-06-17",0,"arxiv",1,"2026-06-17",1,"2026-06-17",false,""
"weqa","2026-06-17",0,"arxiv",1,"2026-06-17",1,"2026-06-17",false,""
"whatever","2026-06-17",8,"news",1,"2026-06-17",1,"2026-06-17",false,""
"where","2026-06-17",5,"devto",1,"2026-06-17",1,"2026-06-17",false,""
"which","2026-06-17",3,"lobsters",1,"2026-06-17",1,"2026-06-17",false,""
"whole","2026-06-17",8,"news",1,"2026-06-17",1,"2026-06-17",false,""
"whopping","2026-06-17",8,"news",1,"2026-06-17",1,"2026-06-17",false,""
"wide","2026-06-17",8,"news",1,"2026-06-17",1,"2026-06-17",false,""
"win","2026-06-17",5,"devto",1,"2026-06-17",1,"2026-06-17",false,""
"wind","2026-06-17",7,"ars",1,"2026-06-17",1,"2026-06-17",false,""
"winds","2026-06-17",8,"news",1,"2026-06-17",1,"2026-06-17",false,""
"winners","2026-06-17",5,"devto",1,"2026-06-17",1,"2026-06-17",false,""
"without","2026-06-17",4,"hn",1,"2026-06-17",1,"2026-06-17",false,""
"wolfram","2026-06-17",4,"hn",1,"2026-06-17",1,"2026-06-17",false,""
"won","2026-06-17",8,"news",1,"2026-06-17",1,"2026-06-17",false,""
"work","2026-06-17",5,"devto",1,"2026-06-17",1,"2026-06-17",false,""
"workflow","2026-06-17",0,"arxiv",1,"2026-06-17",1,"2026-06-17",false,""
"writing","2026-06-17",5,"devto",1,"2026-06-17",1,"2026-06-17",false,""
"wwdc","2026-06-17",8,"news",1,"2026-06-17",1,"2026-06-17",false,""
"x86","2026-06-17",3,"lobsters",1,"2026-06-17",1,"2026-06-17",false,""
"xai","2026-06-17",7,"ars",1,"2026-06-17",1,"2026-06-17",false,""
"xps","2026-06-17",8,"news",1,"2026-06-17",1,"2026-06-17",false,""
"xxx","2026-06-17",9,"wiki",1,"2026-06-17",1,"2026-06-17",false,""
"xyz","2026-06-17",9,"wiki",1,"2026-06-17",1,"2026-06-17",false,""
"yamal","2026-06-17",9,"wiki",1,"2026-06-17",1,"2026-06-17",false,""
"yasin","2026-06-17",9,"wiki",1,"2026-06-17",1,"2026-06-17",false,""
"yet","2026-06-17",8,"news",1,"2026-06-17",1,"2026-06-17",false,""
"zealand","2026-06-17",9,"wiki",1,"2026-06-17",1,"2026-06-17",false,""
"zelda","2026-06-17",8,"news",1,"2026-06-17",1,"2026-06-17",false,""
"zero","2026-06-17",0,"arxiv",1,"2026-06-17",1,"2026-06-17",false,""
"zion","2026-06-17",9,"wiki",1,"2026-06-17",1,"2026-06-17",false,""
"zlib","2026-06-17",3,"lobsters",1,"2026-06-17",1,"2026-06-17",false,""
"zvec","2026-06-17",1,"github",1,"2026-06-17",1,"2026-06-17",false,""
"édouard","2026-06-17",9,"wiki",1,"2026-06-17",1,"2026-06-17",false,""
